Net: _00159_
  Pin:   _64164_/D (sg13g2_dfrbpq_1)
    Layer: Via1
      Partial area ratio:    0.33
      Required ratio:   20.00 (Gate area) 
      Cumulative area ratio:    0.33
      Required ratio:    0.00 (Cumulative area) 

    Layer: Metal2
      Partial area ratio:  219.99
      Required ratio:    0.00 (Gate area) 
      Cumulative area ratio:  219.99
      Required ratio:  200.00 (Cumulative area) (VIOLATED)
      Partial area ratio:  991.51
      Required ratio:    0.00 (Side area) 
      Cumulative area ratio:  991.51
      Required ratio:    0.00 (Cumulative side area) 

    Layer: Via2
      Partial area ratio:    0.66
      Required ratio:   20.00 (Gate area) 
      Cumulative area ratio:    0.99
      Required ratio:    0.00 (Cumulative area) 

    Layer: Metal3
      Partial area ratio:   14.28
      Required ratio:    0.00 (Gate area) 
      Cumulative area ratio:  234.26
      Required ratio:  200.00 (Cumulative area) (VIOLATED)
      Partial area ratio:   67.50
      Required ratio:    0.00 (Side area) 
      Cumulative area ratio: 1059.01
      Required ratio:    0.00 (Cumulative side area) 

    Layer: Via3
      Partial area ratio:    0.33
      Required ratio:   20.00 (Gate area) 
      Cumulative area ratio:    1.32
      Required ratio:    0.00 (Cumulative area) 

    Layer: Metal4
      Partial area ratio:  106.19
      Required ratio:    0.00 (Gate area) 
      Cumulative area ratio:  340.45
      Required ratio: 13240.00 (Cumulative area) 
      Partial area ratio:  479.51
      Required ratio:    0.00 (Side area) 
      Cumulative area ratio: 1538.51
      Required ratio:    0.00 (Cumulative side area) 



Net: _00175_
  Pin:   _64161_/D (sg13g2_dfrbpq_1)
    Layer: Via1
      Partial area ratio:    0.33
      Required ratio:   20.00 (Gate area) 
      Cumulative area ratio:    0.33
      Required ratio:    0.00 (Cumulative area) 

    Layer: Metal2
      Partial area ratio:  311.19
      Required ratio:    0.00 (Gate area) 
      Cumulative area ratio:  311.19
      Required ratio:  200.00 (Cumulative area) (VIOLATED)
      Partial area ratio: 1401.95
      Required ratio:    0.00 (Side area) 
      Cumulative area ratio: 1401.95
      Required ratio:    0.00 (Cumulative side area) 

    Layer: Via2
      Partial area ratio:    0.66
      Required ratio:   20.00 (Gate area) 
      Cumulative area ratio:    0.99
      Required ratio:    0.00 (Cumulative area) 

    Layer: Metal3
      Partial area ratio:   14.78
      Required ratio:    0.00 (Gate area) 
      Cumulative area ratio:  325.97
      Required ratio: 13240.00 (Cumulative area) 
      Partial area ratio:   71.46
      Required ratio:    0.00 (Side area) 
      Cumulative area ratio: 1473.40
      Required ratio:    0.00 (Cumulative side area) 



Net: _00249_
  Pin:   _64664_/D (sg13g2_dfrbpq_1)
    Layer: Via1
      Partial area ratio:    0.33
      Required ratio:   20.00 (Gate area) 
      Cumulative area ratio:    0.33
      Required ratio:    0.00 (Cumulative area) 

    Layer: Metal2
      Partial area ratio:  217.33
      Required ratio:    0.00 (Gate area) 
      Cumulative area ratio:  217.33
      Required ratio:  200.00 (Cumulative area) (VIOLATED)
      Partial area ratio:  979.55
      Required ratio:    0.00 (Side area) 
      Cumulative area ratio:  979.55
      Required ratio:    0.00 (Cumulative side area) 

    Layer: Via2
      Partial area ratio:    0.66
      Required ratio:   20.00 (Gate area) 
      Cumulative area ratio:    0.99
      Required ratio:    0.00 (Cumulative area) 

    Layer: Metal3
      Partial area ratio:   14.78
      Required ratio:    0.00 (Gate area) 
      Cumulative area ratio:  232.11
      Required ratio: 14664.00 (Cumulative area) 
      Partial area ratio:   71.46
      Required ratio:    0.00 (Side area) 
      Cumulative area ratio: 1051.01
      Required ratio:    0.00 (Cumulative side area) 



Net: _05867_
  Pin:   fanout3493/A (sg13g2_buf_1)
    Layer: Via1
      Partial area ratio:    0.20
      Required ratio:   20.00 (Gate area) 
      Cumulative area ratio:    0.20
      Required ratio:    0.00 (Cumulative area) 

    Layer: Metal2
      Partial area ratio:    5.61
      Required ratio:    0.00 (Gate area) 
      Cumulative area ratio:    5.61
      Required ratio:  200.00 (Cumulative area) 
      Partial area ratio:   26.21
      Required ratio:    0.00 (Side area) 
      Cumulative area ratio:   26.21
      Required ratio:    0.00 (Cumulative side area) 

    Layer: Via2
      Partial area ratio:    0.40
      Required ratio:   20.00 (Gate area) 
      Cumulative area ratio:    0.60
      Required ratio:    0.00 (Cumulative area) 

    Layer: Metal3
      Partial area ratio:    0.66
      Required ratio:    0.00 (Gate area) 
      Cumulative area ratio:    6.27
      Required ratio:  200.00 (Cumulative area) 
      Partial area ratio:    4.93
      Required ratio:    0.00 (Side area) 
      Cumulative area ratio:   31.14
      Required ratio:    0.00 (Cumulative side area) 

    Layer: Via3
      Partial area ratio:    0.20
      Required ratio:   20.00 (Gate area) 
      Cumulative area ratio:    0.80
      Required ratio:    0.00 (Cumulative area) 

    Layer: Metal4
      Partial area ratio:  422.79
      Required ratio:    0.00 (Gate area) 
      Cumulative area ratio:  429.06
      Required ratio:  200.00 (Cumulative area) (VIOLATED)
      Partial area ratio: 1903.52
      Required ratio:    0.00 (Side area) 
      Cumulative area ratio: 1934.66
      Required ratio:    0.00 (Cumulative side area) 

    Layer: Via4
      Partial area ratio:    0.20
      Required ratio:   20.00 (Gate area) 
      Cumulative area ratio:    1.00
      Required ratio:    0.00 (Cumulative area) 

    Layer: Metal5
      Partial area ratio:   75.87
      Required ratio:    0.00 (Gate area) 
      Cumulative area ratio:  504.93
      Required ratio: 15172.00 (Cumulative area) 
      Partial area ratio:  341.90
      Required ratio:    0.00 (Side area) 
      Cumulative area ratio: 2276.56
      Required ratio:    0.00 (Cumulative side area) 


  Pin:   fanout3496/A (sg13g2_buf_1)
    Layer: Via1
      Partial area ratio:    0.20
      Required ratio:   20.00 (Gate area) 
      Cumulative area ratio:    0.20
      Required ratio:    0.00 (Cumulative area) 

    Layer: Metal2
      Partial area ratio:    1.77
      Required ratio:    0.00 (Gate area) 
      Cumulative area ratio:    1.77
      Required ratio:  200.00 (Cumulative area) 
      Partial area ratio:    8.93
      Required ratio:    0.00 (Side area) 
      Cumulative area ratio:    8.93
      Required ratio:    0.00 (Cumulative side area) 

    Layer: Via2
      Partial area ratio:    0.40
      Required ratio:   20.00 (Gate area) 
      Cumulative area ratio:    0.60
      Required ratio:    0.00 (Cumulative area) 

    Layer: Metal3
      Partial area ratio:    0.66
      Required ratio:    0.00 (Gate area) 
      Cumulative area ratio:    2.43
      Required ratio:  200.00 (Cumulative area) 
      Partial area ratio:    4.93
      Required ratio:    0.00 (Side area) 
      Cumulative area ratio:   13.86
      Required ratio:    0.00 (Cumulative side area) 

    Layer: Via3
      Partial area ratio:    0.20
      Required ratio:   20.00 (Gate area) 
      Cumulative area ratio:    0.80
      Required ratio:    0.00 (Cumulative area) 

    Layer: Metal4
      Partial area ratio:    0.34
      Required ratio:    0.00 (Gate area) 
      Cumulative area ratio:    2.77
      Required ratio:  200.00 (Cumulative area) 
      Partial area ratio:    2.49
      Required ratio:    0.00 (Side area) 
      Cumulative area ratio:   16.35
      Required ratio:    0.00 (Cumulative side area) 

    Layer: Via4
      Partial area ratio:    0.20
      Required ratio:   20.00 (Gate area) 
      Cumulative area ratio:    1.00
      Required ratio:    0.00 (Cumulative area) 

    Layer: Metal5
      Partial area ratio:   75.87
      Required ratio:    0.00 (Gate area) 
      Cumulative area ratio:   78.63
      Required ratio: 15172.00 (Cumulative area) 
      Partial area ratio:  341.90
      Required ratio:    0.00 (Side area) 
      Cumulative area ratio:  358.25
      Required ratio:    0.00 (Cumulative side area) 



Net: _14704_
  Pin:   fanout2731/A (sg13g2_buf_1)
    Layer: Via1
      Partial area ratio:    0.20
      Required ratio:   20.00 (Gate area) 
      Cumulative area ratio:    0.20
      Required ratio:    0.00 (Cumulative area) 

    Layer: Metal2
      Partial area ratio:    5.76
      Required ratio:    0.00 (Gate area) 
      Cumulative area ratio:    5.76
      Required ratio:  200.00 (Cumulative area) 
      Partial area ratio:   26.86
      Required ratio:    0.00 (Side area) 
      Cumulative area ratio:   26.86
      Required ratio:    0.00 (Cumulative side area) 

    Layer: Via2
      Partial area ratio:    0.40
      Required ratio:   20.00 (Gate area) 
      Cumulative area ratio:    0.60
      Required ratio:    0.00 (Cumulative area) 

    Layer: Metal3
      Partial area ratio:    0.66
      Required ratio:    0.00 (Gate area) 
      Cumulative area ratio:    6.41
      Required ratio:  200.00 (Cumulative area) 
      Partial area ratio:    4.93
      Required ratio:    0.00 (Side area) 
      Cumulative area ratio:   31.79
      Required ratio:    0.00 (Cumulative side area) 

    Layer: Via3
      Partial area ratio:    0.20
      Required ratio:   20.00 (Gate area) 
      Cumulative area ratio:    0.80
      Required ratio:    0.00 (Cumulative area) 

    Layer: Metal4
      Partial area ratio:  311.22
      Required ratio:    0.00 (Gate area) 
      Cumulative area ratio:  317.64
      Required ratio:  200.00 (Cumulative area) (VIOLATED)
      Partial area ratio: 1401.47
      Required ratio:    0.00 (Side area) 
      Cumulative area ratio: 1433.26
      Required ratio:    0.00 (Cumulative side area) 

    Layer: Via4
      Partial area ratio:    0.20
      Required ratio:   20.00 (Gate area) 
      Cumulative area ratio:    1.00
      Required ratio:    0.00 (Cumulative area) 

    Layer: Metal5
      Partial area ratio:    8.13
      Required ratio:    0.00 (Gate area) 
      Cumulative area ratio:  325.77
      Required ratio: 12318.00 (Cumulative area) 
      Partial area ratio:   37.08
      Required ratio:    0.00 (Side area) 
      Cumulative area ratio: 1470.34
      Required ratio:    0.00 (Cumulative side area) 


  Pin:   fanout2745/A (sg13g2_buf_1)
    Layer: Via1
      Partial area ratio:    0.20
      Required ratio:   20.00 (Gate area) 
      Cumulative area ratio:    0.20
      Required ratio:    0.00 (Cumulative area) 

    Layer: Metal2
      Partial area ratio:   60.89
      Required ratio:    0.00 (Gate area) 
      Cumulative area ratio:   60.89
      Required ratio: 12318.00 (Cumulative area) 
      Partial area ratio:  274.93
      Required ratio:    0.00 (Side area) 
      Cumulative area ratio:  274.93
      Required ratio:    0.00 (Cumulative side area) 

    Layer: Via2
      Partial area ratio:    0.60
      Required ratio:  307.95 (Gate area) 
      Cumulative area ratio:    0.80
      Required ratio:    0.00 (Cumulative area) 

    Layer: Metal3
      Partial area ratio:    0.98
      Required ratio:    0.00 (Gate area) 
      Cumulative area ratio:   61.87
      Required ratio: 12318.00 (Cumulative area) 
      Partial area ratio:    7.37
      Required ratio:    0.00 (Side area) 
      Cumulative area ratio:  282.30
      Required ratio:    0.00 (Cumulative side area) 

    Layer: Via3
      Partial area ratio:    0.20
      Required ratio:  307.95 (Gate area) 
      Cumulative area ratio:    1.00
      Required ratio:    0.00 (Cumulative area) 

    Layer: Metal4
      Partial area ratio:   96.06
      Required ratio:    0.00 (Gate area) 
      Cumulative area ratio:  157.93
      Required ratio: 12318.00 (Cumulative area) 
      Partial area ratio:  433.24
      Required ratio:    0.00 (Side area) 
      Cumulative area ratio:  715.54
      Required ratio:    0.00 (Cumulative side area) 

    Layer: Via4
      Partial area ratio:    0.20
      Required ratio:  307.95 (Gate area) 
      Cumulative area ratio:    1.20
      Required ratio:    0.00 (Cumulative area) 

    Layer: Metal5
      Partial area ratio:    8.13
      Required ratio:    0.00 (Gate area) 
      Cumulative area ratio:  166.06
      Required ratio: 12318.00 (Cumulative area) 
      Partial area ratio:   37.08
      Required ratio:    0.00 (Side area) 
      Cumulative area ratio:  752.62
      Required ratio:    0.00 (Cumulative side area) 



Net: _18873_
  Pin:   _45216_/B (sg13g2_nor3_1)
    Layer: Metal1
      Partial area ratio:    0.01
      Required ratio:    0.00 (Gate area) 
      Cumulative area ratio:    0.01
      Required ratio:  200.00 (Cumulative area) 
      Partial area ratio:    1.40
      Required ratio:    0.00 (Side area) 
      Cumulative area ratio:    1.40
      Required ratio:    0.00 (Cumulative side area) 

    Layer: Via1
      Partial area ratio:    0.15
      Required ratio:   20.00 (Gate area) 
      Cumulative area ratio:    0.15
      Required ratio:    0.00 (Cumulative area) 

    Layer: Metal2
      Partial area ratio:    2.82
      Required ratio:    0.00 (Gate area) 
      Cumulative area ratio:    2.83
      Required ratio:  200.00 (Cumulative area) 
      Partial area ratio:   13.38
      Required ratio:    0.00 (Side area) 
      Cumulative area ratio:   14.78
      Required ratio:    0.00 (Cumulative side area) 

    Layer: Via2
      Partial area ratio:    0.29
      Required ratio:   20.00 (Gate area) 
      Cumulative area ratio:    0.44
      Required ratio:    0.00 (Cumulative area) 

    Layer: Metal3
      Partial area ratio:   18.07
      Required ratio:    0.00 (Gate area) 
      Cumulative area ratio:   20.89
      Required ratio:  200.00 (Cumulative area) 
      Partial area ratio:   82.75
      Required ratio:    0.00 (Side area) 
      Cumulative area ratio:   97.52
      Required ratio:    0.00 (Cumulative side area) 

    Layer: Via3
      Partial area ratio:    0.15
      Required ratio:   20.00 (Gate area) 
      Cumulative area ratio:    0.59
      Required ratio:    0.00 (Cumulative area) 

    Layer: Metal4
      Partial area ratio:  193.72
      Required ratio:    0.00 (Gate area) 
      Cumulative area ratio:  214.62
      Required ratio:  200.00 (Cumulative area) (VIOLATED)
      Partial area ratio:  872.47
      Required ratio:    0.00 (Side area) 
      Cumulative area ratio:  970.00
      Required ratio:    0.00 (Cumulative side area) 

    Layer: Via4
      Partial area ratio:    0.15
      Required ratio:   20.00 (Gate area) 
      Cumulative area ratio:    0.73
      Required ratio:    0.00 (Cumulative area) 

    Layer: Metal5
      Partial area ratio:   17.82
      Required ratio:    0.00 (Gate area) 
      Cumulative area ratio:  232.43
      Required ratio: 22712.00 (Cumulative area) 
      Partial area ratio:   80.92
      Required ratio:    0.00 (Side area) 
      Cumulative area ratio: 1050.91
      Required ratio:    0.00 (Cumulative side area) 



Net: _23038_
  Pin:   fanout2557/A (sg13g2_buf_1)
    Layer: Via1
      Partial area ratio:    0.20
      Required ratio:   20.00 (Gate area) 
      Cumulative area ratio:    0.20
      Required ratio:    0.00 (Cumulative area) 

    Layer: Metal2
      Partial area ratio:    3.76
      Required ratio:    0.00 (Gate area) 
      Cumulative area ratio:    3.76
      Required ratio:  200.00 (Cumulative area) 
      Partial area ratio:   17.87
      Required ratio:    0.00 (Side area) 
      Cumulative area ratio:   17.87
      Required ratio:    0.00 (Cumulative side area) 

    Layer: Via2
      Partial area ratio:    0.40
      Required ratio:   20.00 (Gate area) 
      Cumulative area ratio:    0.60
      Required ratio:    0.00 (Cumulative area) 

    Layer: Metal3
      Partial area ratio:    0.66
      Required ratio:    0.00 (Gate area) 
      Cumulative area ratio:    4.42
      Required ratio:  200.00 (Cumulative area) 
      Partial area ratio:    4.93
      Required ratio:    0.00 (Side area) 
      Cumulative area ratio:   22.80
      Required ratio:    0.00 (Cumulative side area) 

    Layer: Via3
      Partial area ratio:    0.20
      Required ratio:   20.00 (Gate area) 
      Cumulative area ratio:    0.80
      Required ratio:    0.00 (Cumulative area) 

    Layer: Metal4
      Partial area ratio:    0.34
      Required ratio:    0.00 (Gate area) 
      Cumulative area ratio:    4.75
      Required ratio:  200.00 (Cumulative area) 
      Partial area ratio:    2.49
      Required ratio:    0.00 (Side area) 
      Cumulative area ratio:   25.29
      Required ratio:    0.00 (Cumulative side area) 

    Layer: Via4
      Partial area ratio:    0.20
      Required ratio:   20.00 (Gate area) 
      Cumulative area ratio:    1.00
      Required ratio:    0.00 (Cumulative area) 

    Layer: Metal5
      Partial area ratio:  135.58
      Required ratio:    0.00 (Gate area) 
      Cumulative area ratio:  140.33
      Required ratio: 12984.00 (Cumulative area) 
      Partial area ratio:  610.44
      Required ratio:    0.00 (Side area) 
      Cumulative area ratio:  635.73
      Required ratio:    0.00 (Cumulative side area) 


  Pin:   fanout2562/A (sg13g2_buf_1)
    Layer: Via1
      Partial area ratio:    0.20
      Required ratio:   20.00 (Gate area) 
      Cumulative area ratio:    0.20
      Required ratio:    0.00 (Cumulative area) 

    Layer: Metal2
      Partial area ratio:  229.57
      Required ratio:    0.00 (Gate area) 
      Cumulative area ratio:  229.57
      Required ratio:  200.00 (Cumulative area) (VIOLATED)
      Partial area ratio: 1033.51
      Required ratio:    0.00 (Side area) 
      Cumulative area ratio: 1033.51
      Required ratio:    0.00 (Cumulative side area) 

    Layer: Via2
      Partial area ratio:    0.40
      Required ratio:   20.00 (Gate area) 
      Cumulative area ratio:    0.60
      Required ratio:    0.00 (Cumulative area) 

    Layer: Metal3
      Partial area ratio:    0.66
      Required ratio:    0.00 (Gate area) 
      Cumulative area ratio:  230.23
      Required ratio:  200.00 (Cumulative area) (VIOLATED)
      Partial area ratio:    4.93
      Required ratio:    0.00 (Side area) 
      Cumulative area ratio: 1038.44
      Required ratio:    0.00 (Cumulative side area) 

    Layer: Via3
      Partial area ratio:    0.20
      Required ratio:   20.00 (Gate area) 
      Cumulative area ratio:    0.80
      Required ratio:    0.00 (Cumulative area) 

    Layer: Metal4
      Partial area ratio:   44.21
      Required ratio:    0.00 (Gate area) 
      Cumulative area ratio:  274.43
      Required ratio: 12984.00 (Cumulative area) 
      Partial area ratio:  199.92
      Required ratio:    0.00 (Side area) 
      Cumulative area ratio: 1238.36
      Required ratio:    0.00 (Cumulative side area) 

    Layer: Via4
      Partial area ratio:    0.10
      Required ratio:  324.60 (Gate area) 
      Cumulative area ratio:    0.90
      Required ratio:    0.00 (Cumulative area) 

    Layer: Metal5
      Partial area ratio:  135.58
      Required ratio:    0.00 (Gate area) 
      Cumulative area ratio:  410.01
      Required ratio: 12984.00 (Cumulative area) 
      Partial area ratio:  610.44
      Required ratio:    0.00 (Side area) 
      Cumulative area ratio: 1848.80
      Required ratio:    0.00 (Cumulative side area) 


  Pin:   fanout2572/A (sg13g2_buf_1)
    Layer: Via1
      Partial area ratio:    0.20
      Required ratio:   20.00 (Gate area) 
      Cumulative area ratio:    0.20
      Required ratio:    0.00 (Cumulative area) 

    Layer: Metal2
      Partial area ratio:  229.57
      Required ratio:    0.00 (Gate area) 
      Cumulative area ratio:  229.57
      Required ratio:  200.00 (Cumulative area) (VIOLATED)
      Partial area ratio: 1033.51
      Required ratio:    0.00 (Side area) 
      Cumulative area ratio: 1033.51
      Required ratio:    0.00 (Cumulative side area) 

    Layer: Via2
      Partial area ratio:    0.40
      Required ratio:   20.00 (Gate area) 
      Cumulative area ratio:    0.60
      Required ratio:    0.00 (Cumulative area) 

    Layer: Metal3
      Partial area ratio:    0.66
      Required ratio:    0.00 (Gate area) 
      Cumulative area ratio:  230.23
      Required ratio:  200.00 (Cumulative area) (VIOLATED)
      Partial area ratio:    4.93
      Required ratio:    0.00 (Side area) 
      Cumulative area ratio: 1038.44
      Required ratio:    0.00 (Cumulative side area) 

    Layer: Via3
      Partial area ratio:    0.20
      Required ratio:   20.00 (Gate area) 
      Cumulative area ratio:    0.80
      Required ratio:    0.00 (Cumulative area) 

    Layer: Metal4
      Partial area ratio:   44.21
      Required ratio:    0.00 (Gate area) 
      Cumulative area ratio:  274.43
      Required ratio: 12984.00 (Cumulative area) 
      Partial area ratio:  199.92
      Required ratio:    0.00 (Side area) 
      Cumulative area ratio: 1238.36
      Required ratio:    0.00 (Cumulative side area) 

    Layer: Via4
      Partial area ratio:    0.10
      Required ratio:  324.60 (Gate area) 
      Cumulative area ratio:    0.90
      Required ratio:    0.00 (Cumulative area) 

    Layer: Metal5
      Partial area ratio:  135.58
      Required ratio:    0.00 (Gate area) 
      Cumulative area ratio:  410.01
      Required ratio: 12984.00 (Cumulative area) 
      Partial area ratio:  610.44
      Required ratio:    0.00 (Side area) 
      Cumulative area ratio: 1848.80
      Required ratio:    0.00 (Cumulative side area) 



Net: _23058_
  Pin:   fanout2498/A (sg13g2_buf_1)
    Layer: Via1
      Partial area ratio:    0.20
      Required ratio:   20.00 (Gate area) 
      Cumulative area ratio:    0.20
      Required ratio:    0.00 (Cumulative area) 

    Layer: Metal2
      Partial area ratio:    4.02
      Required ratio:    0.00 (Gate area) 
      Cumulative area ratio:    4.02
      Required ratio:  200.00 (Cumulative area) 
      Partial area ratio:   19.04
      Required ratio:    0.00 (Side area) 
      Cumulative area ratio:   19.04
      Required ratio:    0.00 (Cumulative side area) 

    Layer: Via2
      Partial area ratio:    0.40
      Required ratio:   20.00 (Gate area) 
      Cumulative area ratio:    0.60
      Required ratio:    0.00 (Cumulative area) 

    Layer: Metal3
      Partial area ratio:    0.66
      Required ratio:    0.00 (Gate area) 
      Cumulative area ratio:    4.68
      Required ratio:  200.00 (Cumulative area) 
      Partial area ratio:    4.93
      Required ratio:    0.00 (Side area) 
      Cumulative area ratio:   23.97
      Required ratio:    0.00 (Cumulative side area) 

    Layer: Via3
      Partial area ratio:    0.20
      Required ratio:   20.00 (Gate area) 
      Cumulative area ratio:    0.80
      Required ratio:    0.00 (Cumulative area) 

    Layer: Metal4
      Partial area ratio:  159.55
      Required ratio:    0.00 (Gate area) 
      Cumulative area ratio:  164.23
      Required ratio: 12318.00 (Cumulative area) 
      Partial area ratio:  718.32
      Required ratio:    0.00 (Side area) 
      Cumulative area ratio:  742.29
      Required ratio:    0.00 (Cumulative side area) 


  Pin:   fanout2503/A (sg13g2_buf_1)
    Layer: Via1
      Partial area ratio:    0.20
      Required ratio:   20.00 (Gate area) 
      Cumulative area ratio:    0.20
      Required ratio:    0.00 (Cumulative area) 

    Layer: Metal2
      Partial area ratio:    5.09
      Required ratio:    0.00 (Gate area) 
      Cumulative area ratio:    5.09
      Required ratio:  200.00 (Cumulative area) 
      Partial area ratio:   23.87
      Required ratio:    0.00 (Side area) 
      Cumulative area ratio:   23.87
      Required ratio:    0.00 (Cumulative side area) 

    Layer: Via2
      Partial area ratio:    0.40
      Required ratio:   20.00 (Gate area) 
      Cumulative area ratio:    0.60
      Required ratio:    0.00 (Cumulative area) 

    Layer: Metal3
      Partial area ratio:  311.45
      Required ratio:    0.00 (Gate area) 
      Cumulative area ratio:  316.54
      Required ratio:  200.00 (Cumulative area) (VIOLATED)
      Partial area ratio: 1403.49
      Required ratio:    0.00 (Side area) 
      Cumulative area ratio: 1427.36
      Required ratio:    0.00 (Cumulative side area) 

    Layer: Via3
      Partial area ratio:    0.20
      Required ratio:   20.00 (Gate area) 
      Cumulative area ratio:    0.80
      Required ratio:    0.00 (Cumulative area) 

    Layer: Metal4
      Partial area ratio:  159.55
      Required ratio:    0.00 (Gate area) 
      Cumulative area ratio:  476.10
      Required ratio: 12318.00 (Cumulative area) 
      Partial area ratio:  718.32
      Required ratio:    0.00 (Side area) 
      Cumulative area ratio: 2145.68
      Required ratio:    0.00 (Cumulative side area) 


  Pin:   fanout2509/A (sg13g2_buf_1)
    Layer: Via1
      Partial area ratio:    0.20
      Required ratio:   20.00 (Gate area) 
      Cumulative area ratio:    0.20
      Required ratio:    0.00 (Cumulative area) 

    Layer: Metal2
      Partial area ratio:   20.09
      Required ratio:    0.00 (Gate area) 
      Cumulative area ratio:   20.09
      Required ratio:  200.00 (Cumulative area) 
      Partial area ratio:   91.35
      Required ratio:    0.00 (Side area) 
      Cumulative area ratio:   91.35
      Required ratio:    0.00 (Cumulative side area) 

    Layer: Via2
      Partial area ratio:    0.40
      Required ratio:   20.00 (Gate area) 
      Cumulative area ratio:    0.60
      Required ratio:    0.00 (Cumulative area) 

    Layer: Metal3
      Partial area ratio:   40.82
      Required ratio:    0.00 (Gate area) 
      Cumulative area ratio:   60.91
      Required ratio: 12318.00 (Cumulative area) 
      Partial area ratio:  186.67
      Required ratio:    0.00 (Side area) 
      Cumulative area ratio:  278.03
      Required ratio:    0.00 (Cumulative side area) 

    Layer: Via3
      Partial area ratio:    0.20
      Required ratio:  307.95 (Gate area) 
      Cumulative area ratio:    0.80
      Required ratio:    0.00 (Cumulative area) 

    Layer: Metal4
      Partial area ratio:  159.55
      Required ratio:    0.00 (Gate area) 
      Cumulative area ratio:  220.47
      Required ratio: 12318.00 (Cumulative area) 
      Partial area ratio:  718.32
      Required ratio:    0.00 (Side area) 
      Cumulative area ratio:  996.35
      Required ratio:    0.00 (Cumulative side area) 



Net: _23092_
  Pin:   fanout341/A (sg13g2_buf_1)
    Layer: Via1
      Partial area ratio:    0.20
      Required ratio:   20.00 (Gate area) 
      Cumulative area ratio:    0.20
      Required ratio:    0.00 (Cumulative area) 

    Layer: Metal2
      Partial area ratio:    5.49
      Required ratio:    0.00 (Gate area) 
      Cumulative area ratio:    5.49
      Required ratio:  200.00 (Cumulative area) 
      Partial area ratio:   25.64
      Required ratio:    0.00 (Side area) 
      Cumulative area ratio:   25.64
      Required ratio:    0.00 (Cumulative side area) 

    Layer: Via2
      Partial area ratio:    0.40
      Required ratio:   20.00 (Gate area) 
      Cumulative area ratio:    0.60
      Required ratio:    0.00 (Cumulative area) 

    Layer: Metal3
      Partial area ratio:    0.66
      Required ratio:    0.00 (Gate area) 
      Cumulative area ratio:    6.14
      Required ratio:  200.00 (Cumulative area) 
      Partial area ratio:    4.93
      Required ratio:    0.00 (Side area) 
      Cumulative area ratio:   30.57
      Required ratio:    0.00 (Cumulative side area) 

    Layer: Via3
      Partial area ratio:    0.20
      Required ratio:   20.00 (Gate area) 
      Cumulative area ratio:    0.80
      Required ratio:    0.00 (Cumulative area) 

    Layer: Metal4
      Partial area ratio:  247.47
      Required ratio:    0.00 (Gate area) 
      Cumulative area ratio:  253.61
      Required ratio:  200.00 (Cumulative area) (VIOLATED)
      Partial area ratio: 1114.58
      Required ratio:    0.00 (Side area) 
      Cumulative area ratio: 1145.15
      Required ratio:    0.00 (Cumulative side area) 

    Layer: Via4
      Partial area ratio:    0.10
      Required ratio:   20.00 (Gate area) 
      Cumulative area ratio:    0.90
      Required ratio:    0.00 (Cumulative area) 

    Layer: Metal5
      Partial area ratio:   82.56
      Required ratio:    0.00 (Gate area) 
      Cumulative area ratio:  336.17
      Required ratio: 19168.00 (Cumulative area) 
      Partial area ratio:  372.19
      Required ratio:    0.00 (Side area) 
      Cumulative area ratio: 1517.34
      Required ratio:    0.00 (Cumulative side area) 


  Pin:   fanout346/A (sg13g2_buf_1)
    Layer: Via1
      Partial area ratio:    0.20
      Required ratio:   20.00 (Gate area) 
      Cumulative area ratio:    0.20
      Required ratio:    0.00 (Cumulative area) 

    Layer: Metal2
      Partial area ratio:    3.76
      Required ratio:    0.00 (Gate area) 
      Cumulative area ratio:    3.76
      Required ratio:  200.00 (Cumulative area) 
      Partial area ratio:   17.87
      Required ratio:    0.00 (Side area) 
      Cumulative area ratio:   17.87
      Required ratio:    0.00 (Cumulative side area) 

    Layer: Via2
      Partial area ratio:    0.40
      Required ratio:   20.00 (Gate area) 
      Cumulative area ratio:    0.60
      Required ratio:    0.00 (Cumulative area) 

    Layer: Metal3
      Partial area ratio:    0.66
      Required ratio:    0.00 (Gate area) 
      Cumulative area ratio:    4.42
      Required ratio:  200.00 (Cumulative area) 
      Partial area ratio:    4.93
      Required ratio:    0.00 (Side area) 
      Cumulative area ratio:   22.80
      Required ratio:    0.00 (Cumulative side area) 

    Layer: Via3
      Partial area ratio:    0.20
      Required ratio:   20.00 (Gate area) 
      Cumulative area ratio:    0.80
      Required ratio:    0.00 (Cumulative area) 

    Layer: Metal4
      Partial area ratio:    0.34
      Required ratio:    0.00 (Gate area) 
      Cumulative area ratio:    4.75
      Required ratio:  200.00 (Cumulative area) 
      Partial area ratio:    2.49
      Required ratio:    0.00 (Side area) 
      Cumulative area ratio:   25.29
      Required ratio:    0.00 (Cumulative side area) 

    Layer: Via4
      Partial area ratio:    0.20
      Required ratio:   20.00 (Gate area) 
      Cumulative area ratio:    1.00
      Required ratio:    0.00 (Cumulative area) 

    Layer: Metal5
      Partial area ratio:   82.56
      Required ratio:    0.00 (Gate area) 
      Cumulative area ratio:   87.32
      Required ratio: 19168.00 (Cumulative area) 
      Partial area ratio:  372.19
      Required ratio:    0.00 (Side area) 
      Cumulative area ratio:  397.48
      Required ratio:    0.00 (Cumulative side area) 


  Pin:   fanout351/A (sg13g2_buf_1)
    Layer: Via1
      Partial area ratio:    0.20
      Required ratio:   20.00 (Gate area) 
      Cumulative area ratio:    0.20
      Required ratio:    0.00 (Cumulative area) 

    Layer: Metal2
      Partial area ratio:   10.38
      Required ratio:    0.00 (Gate area) 
      Cumulative area ratio:   10.38
      Required ratio:  200.00 (Cumulative area) 
      Partial area ratio:   47.63
      Required ratio:    0.00 (Side area) 
      Cumulative area ratio:   47.63
      Required ratio:    0.00 (Cumulative side area) 

    Layer: Via2
      Partial area ratio:    0.60
      Required ratio:   20.00 (Gate area) 
      Cumulative area ratio:    0.80
      Required ratio:    0.00 (Cumulative area) 

    Layer: Metal3
      Partial area ratio:   16.93
      Required ratio:    0.00 (Gate area) 
      Cumulative area ratio:   27.31
      Required ratio:  200.00 (Cumulative area) 
      Partial area ratio:   79.14
      Required ratio:    0.00 (Side area) 
      Cumulative area ratio:  126.77
      Required ratio:    0.00 (Cumulative side area) 

    Layer: Via3
      Partial area ratio:    0.40
      Required ratio:   20.00 (Gate area) 
      Cumulative area ratio:    1.20
      Required ratio:    0.00 (Cumulative area) 

    Layer: Metal4
      Partial area ratio:  247.47
      Required ratio:    0.00 (Gate area) 
      Cumulative area ratio:  274.78
      Required ratio:  200.00 (Cumulative area) (VIOLATED)
      Partial area ratio: 1114.58
      Required ratio:    0.00 (Side area) 
      Cumulative area ratio: 1241.35
      Required ratio:    0.00 (Cumulative side area) 

    Layer: Via4
      Partial area ratio:    0.10
      Required ratio:   20.00 (Gate area) 
      Cumulative area ratio:    1.30
      Required ratio:    0.00 (Cumulative area) 

    Layer: Metal5
      Partial area ratio:   82.56
      Required ratio:    0.00 (Gate area) 
      Cumulative area ratio:  357.34
      Required ratio: 19168.00 (Cumulative area) 
      Partial area ratio:  372.19
      Required ratio:    0.00 (Side area) 
      Cumulative area ratio: 1613.54
      Required ratio:    0.00 (Cumulative side area) 



Net: _23151_
  Pin:   fanout188/A (sg13g2_buf_1)
    Layer: Via1
      Partial area ratio:    0.20
      Required ratio:   20.00 (Gate area) 
      Cumulative area ratio:    0.20
      Required ratio:    0.00 (Cumulative area) 

    Layer: Metal2
      Partial area ratio:    6.96
      Required ratio:    0.00 (Gate area) 
      Cumulative area ratio:    6.96
      Required ratio:  200.00 (Cumulative area) 
      Partial area ratio:   32.26
      Required ratio:    0.00 (Side area) 
      Cumulative area ratio:   32.26
      Required ratio:    0.00 (Cumulative side area) 

    Layer: Via2
      Partial area ratio:    0.40
      Required ratio:   20.00 (Gate area) 
      Cumulative area ratio:    0.60
      Required ratio:    0.00 (Cumulative area) 

    Layer: Metal3
      Partial area ratio:    0.66
      Required ratio:    0.00 (Gate area) 
      Cumulative area ratio:    7.62
      Required ratio:  200.00 (Cumulative area) 
      Partial area ratio:    4.93
      Required ratio:    0.00 (Side area) 
      Cumulative area ratio:   37.20
      Required ratio:    0.00 (Cumulative side area) 

    Layer: Via3
      Partial area ratio:    0.20
      Required ratio:   20.00 (Gate area) 
      Cumulative area ratio:    0.80
      Required ratio:    0.00 (Cumulative area) 

    Layer: Metal4
      Partial area ratio:  375.40
      Required ratio:    0.00 (Gate area) 
      Cumulative area ratio:  383.01
      Required ratio:  200.00 (Cumulative area) (VIOLATED)
      Partial area ratio: 1691.25
      Required ratio:    0.00 (Side area) 
      Cumulative area ratio: 1728.44
      Required ratio:    0.00 (Cumulative side area) 

    Layer: Via4
      Partial area ratio:    0.20
      Required ratio:   20.00 (Gate area) 
      Cumulative area ratio:    1.00
      Required ratio:    0.00 (Cumulative area) 

    Layer: Metal5
      Partial area ratio:   55.94
      Required ratio:    0.00 (Gate area) 
      Cumulative area ratio:  438.96
      Required ratio: 13240.00 (Cumulative area) 
      Partial area ratio:  252.24
      Required ratio:    0.00 (Side area) 
      Cumulative area ratio: 1980.69
      Required ratio:    0.00 (Cumulative side area) 


  Pin:   fanout200/A (sg13g2_buf_1)
    Layer: Via1
      Partial area ratio:    0.20
      Required ratio:   20.00 (Gate area) 
      Cumulative area ratio:    0.20
      Required ratio:    0.00 (Cumulative area) 

    Layer: Metal2
      Partial area ratio:    5.49
      Required ratio:    0.00 (Gate area) 
      Cumulative area ratio:    5.49
      Required ratio:  200.00 (Cumulative area) 
      Partial area ratio:   25.66
      Required ratio:    0.00 (Side area) 
      Cumulative area ratio:   25.66
      Required ratio:    0.00 (Cumulative side area) 

    Layer: Via2
      Partial area ratio:    0.40
      Required ratio:   20.00 (Gate area) 
      Cumulative area ratio:    0.60
      Required ratio:    0.00 (Cumulative area) 

    Layer: Metal3
      Partial area ratio:   88.32
      Required ratio:    0.00 (Gate area) 
      Cumulative area ratio:   93.81
      Required ratio:  200.00 (Cumulative area) 
      Partial area ratio:  399.40
      Required ratio:    0.00 (Side area) 
      Cumulative area ratio:  425.06
      Required ratio:    0.00 (Cumulative side area) 

    Layer: Via3
      Partial area ratio:    0.20
      Required ratio:   20.00 (Gate area) 
      Cumulative area ratio:    0.80
      Required ratio:    0.00 (Cumulative area) 

    Layer: Metal4
      Partial area ratio:  167.78
      Required ratio:    0.00 (Gate area) 
      Cumulative area ratio:  261.59
      Required ratio: 13240.00 (Cumulative area) 
      Partial area ratio:  755.99
      Required ratio:    0.00 (Side area) 
      Cumulative area ratio: 1181.04
      Required ratio:    0.00 (Cumulative side area) 

    Layer: Via4
      Partial area ratio:    0.20
      Required ratio:  331.00 (Gate area) 
      Cumulative area ratio:    1.00
      Required ratio:    0.00 (Cumulative area) 

    Layer: Metal5
      Partial area ratio:   55.94
      Required ratio:    0.00 (Gate area) 
      Cumulative area ratio:  317.53
      Required ratio: 13240.00 (Cumulative area) 
      Partial area ratio:  252.24
      Required ratio:    0.00 (Side area) 
      Cumulative area ratio: 1433.29
      Required ratio:    0.00 (Cumulative side area) 



Net: _23179_
  Pin:   fanout4603/A (sg13g2_buf_1)
    Layer: Via1
      Partial area ratio:    0.20
      Required ratio:   20.00 (Gate area) 
      Cumulative area ratio:    0.20
      Required ratio:    0.00 (Cumulative area) 

    Layer: Metal2
      Partial area ratio:    5.21
      Required ratio:    0.00 (Gate area) 
      Cumulative area ratio:    5.21
      Required ratio:  200.00 (Cumulative area) 
      Partial area ratio:   24.42
      Required ratio:    0.00 (Side area) 
      Cumulative area ratio:   24.42
      Required ratio:    0.00 (Cumulative side area) 

    Layer: Via2
      Partial area ratio:    0.40
      Required ratio:   20.00 (Gate area) 
      Cumulative area ratio:    0.60
      Required ratio:    0.00 (Cumulative area) 

    Layer: Metal3
      Partial area ratio:    0.66
      Required ratio:    0.00 (Gate area) 
      Cumulative area ratio:    5.87
      Required ratio:  200.00 (Cumulative area) 
      Partial area ratio:    4.93
      Required ratio:    0.00 (Side area) 
      Cumulative area ratio:   29.35
      Required ratio:    0.00 (Cumulative side area) 

    Layer: Via3
      Partial area ratio:    0.20
      Required ratio:   20.00 (Gate area) 
      Cumulative area ratio:    0.80
      Required ratio:    0.00 (Cumulative area) 

    Layer: Metal4
      Partial area ratio:  311.33
      Required ratio:    0.00 (Gate area) 
      Cumulative area ratio:  317.20
      Required ratio:  200.00 (Cumulative area) (VIOLATED)
      Partial area ratio: 1401.92
      Required ratio:    0.00 (Side area) 
      Cumulative area ratio: 1431.27
      Required ratio:    0.00 (Cumulative side area) 

    Layer: Via4
      Partial area ratio:    0.40
      Required ratio:   20.00 (Gate area) 
      Cumulative area ratio:    1.20
      Required ratio:    0.00 (Cumulative area) 

    Layer: Metal5
      Partial area ratio:  146.42
      Required ratio:    0.00 (Gate area) 
      Cumulative area ratio:  463.62
      Required ratio: 13240.00 (Cumulative area) 
      Partial area ratio:  659.88
      Required ratio:    0.00 (Side area) 
      Cumulative area ratio: 2091.15
      Required ratio:    0.00 (Cumulative side area) 


  Pin:   fanout4607/A (sg13g2_buf_1)
    Layer: Via1
      Partial area ratio:    0.20
      Required ratio:   20.00 (Gate area) 
      Cumulative area ratio:    0.20
      Required ratio:    0.00 (Cumulative area) 

    Layer: Metal2
      Partial area ratio:    6.42
      Required ratio:    0.00 (Gate area) 
      Cumulative area ratio:    6.42
      Required ratio:  200.00 (Cumulative area) 
      Partial area ratio:   29.82
      Required ratio:    0.00 (Side area) 
      Cumulative area ratio:   29.82
      Required ratio:    0.00 (Cumulative side area) 

    Layer: Via2
      Partial area ratio:    0.40
      Required ratio:   20.00 (Gate area) 
      Cumulative area ratio:    0.60
      Required ratio:    0.00 (Cumulative area) 

    Layer: Metal3
      Partial area ratio:    0.66
      Required ratio:    0.00 (Gate area) 
      Cumulative area ratio:    7.07
      Required ratio:  200.00 (Cumulative area) 
      Partial area ratio:    4.93
      Required ratio:    0.00 (Side area) 
      Cumulative area ratio:   34.75
      Required ratio:    0.00 (Cumulative side area) 

    Layer: Via3
      Partial area ratio:    0.20
      Required ratio:   20.00 (Gate area) 
      Cumulative area ratio:    0.80
      Required ratio:    0.00 (Cumulative area) 

    Layer: Metal4
      Partial area ratio:    0.34
      Required ratio:    0.00 (Gate area) 
      Cumulative area ratio:    7.41
      Required ratio:  200.00 (Cumulative area) 
      Partial area ratio:    2.49
      Required ratio:    0.00 (Side area) 
      Cumulative area ratio:   37.25
      Required ratio:    0.00 (Cumulative side area) 

    Layer: Via4
      Partial area ratio:    0.20
      Required ratio:   20.00 (Gate area) 
      Cumulative area ratio:    1.00
      Required ratio:    0.00 (Cumulative area) 

    Layer: Metal5
      Partial area ratio:  146.42
      Required ratio:    0.00 (Gate area) 
      Cumulative area ratio:  153.83
      Required ratio: 13240.00 (Cumulative area) 
      Partial area ratio:  659.88
      Required ratio:    0.00 (Side area) 
      Cumulative area ratio:  697.13
      Required ratio:    0.00 (Cumulative side area) 


  Pin:   fanout4610/A (sg13g2_buf_1)
    Layer: Via1
      Partial area ratio:    0.20
      Required ratio:   20.00 (Gate area) 
      Cumulative area ratio:    0.20
      Required ratio:    0.00 (Cumulative area) 

    Layer: Metal2
      Partial area ratio:    4.02
      Required ratio:    0.00 (Gate area) 
      Cumulative area ratio:    4.02
      Required ratio:  200.00 (Cumulative area) 
      Partial area ratio:   19.06
      Required ratio:    0.00 (Side area) 
      Cumulative area ratio:   19.06
      Required ratio:    0.00 (Cumulative side area) 

    Layer: Via2
      Partial area ratio:    0.40
      Required ratio:   20.00 (Gate area) 
      Cumulative area ratio:    0.60
      Required ratio:    0.00 (Cumulative area) 

    Layer: Metal3
      Partial area ratio:    0.66
      Required ratio:    0.00 (Gate area) 
      Cumulative area ratio:    4.68
      Required ratio:  200.00 (Cumulative area) 
      Partial area ratio:    4.93
      Required ratio:    0.00 (Side area) 
      Cumulative area ratio:   23.99
      Required ratio:    0.00 (Cumulative side area) 

    Layer: Via3
      Partial area ratio:    0.20
      Required ratio:   20.00 (Gate area) 
      Cumulative area ratio:    0.80
      Required ratio:    0.00 (Cumulative area) 

    Layer: Metal4
      Partial area ratio:    0.34
      Required ratio:    0.00 (Gate area) 
      Cumulative area ratio:    5.02
      Required ratio:  200.00 (Cumulative area) 
      Partial area ratio:    2.49
      Required ratio:    0.00 (Side area) 
      Cumulative area ratio:   26.48
      Required ratio:    0.00 (Cumulative side area) 

    Layer: Via4
      Partial area ratio:    0.20
      Required ratio:   20.00 (Gate area) 
      Cumulative area ratio:    1.00
      Required ratio:    0.00 (Cumulative area) 

    Layer: Metal5
      Partial area ratio:  146.42
      Required ratio:    0.00 (Gate area) 
      Cumulative area ratio:  151.44
      Required ratio: 13240.00 (Cumulative area) 
      Partial area ratio:  659.88
      Required ratio:    0.00 (Side area) 
      Cumulative area ratio:  686.37
      Required ratio:    0.00 (Cumulative side area) 



Net: _23303_
  Pin:   fanout1834/A (sg13g2_buf_1)
    Layer: Via1
      Partial area ratio:    0.20
      Required ratio:   20.00 (Gate area) 
      Cumulative area ratio:    0.20
      Required ratio:    0.00 (Cumulative area) 

    Layer: Metal2
      Partial area ratio:    0.98
      Required ratio:    0.00 (Gate area) 
      Cumulative area ratio:    0.98
      Required ratio:  200.00 (Cumulative area) 
      Partial area ratio:    5.34
      Required ratio:    0.00 (Side area) 
      Cumulative area ratio:    5.34
      Required ratio:    0.00 (Cumulative side area) 

    Layer: Via2
      Partial area ratio:    0.40
      Required ratio:   20.00 (Gate area) 
      Cumulative area ratio:    0.60
      Required ratio:    0.00 (Cumulative area) 

    Layer: Metal3
      Partial area ratio:    0.66
      Required ratio:    0.00 (Gate area) 
      Cumulative area ratio:    1.63
      Required ratio:  200.00 (Cumulative area) 
      Partial area ratio:    4.93
      Required ratio:    0.00 (Side area) 
      Cumulative area ratio:   10.27
      Required ratio:    0.00 (Cumulative side area) 

    Layer: Via3
      Partial area ratio:    0.20
      Required ratio:   20.00 (Gate area) 
      Cumulative area ratio:    0.80
      Required ratio:    0.00 (Cumulative area) 

    Layer: Metal4
      Partial area ratio:  251.29
      Required ratio:    0.00 (Gate area) 
      Cumulative area ratio:  252.92
      Required ratio:  200.00 (Cumulative area) (VIOLATED)
      Partial area ratio: 1131.29
      Required ratio:    0.00 (Side area) 
      Cumulative area ratio: 1141.56
      Required ratio:    0.00 (Cumulative side area) 

    Layer: Via4
      Partial area ratio:    0.10
      Required ratio:   20.00 (Gate area) 
      Cumulative area ratio:    0.90
      Required ratio:    0.00 (Cumulative area) 

    Layer: Metal5
      Partial area ratio:   20.08
      Required ratio:    0.00 (Gate area) 
      Cumulative area ratio:  273.01
      Required ratio: 13240.00 (Cumulative area) 
      Partial area ratio:   90.87
      Required ratio:    0.00 (Side area) 
      Cumulative area ratio: 1232.43
      Required ratio:    0.00 (Cumulative side area) 


  Pin:   fanout1835/A (sg13g2_buf_1)
    Layer: Via1
      Partial area ratio:    0.20
      Required ratio:   20.00 (Gate area) 
      Cumulative area ratio:    0.20
      Required ratio:    0.00 (Cumulative area) 

    Layer: Metal2
      Partial area ratio:    6.16
      Required ratio:    0.00 (Gate area) 
      Cumulative area ratio:    6.16
      Required ratio:  200.00 (Cumulative area) 
      Partial area ratio:   28.68
      Required ratio:    0.00 (Side area) 
      Cumulative area ratio:   28.68
      Required ratio:    0.00 (Cumulative side area) 

    Layer: Via2
      Partial area ratio:    0.40
      Required ratio:   20.00 (Gate area) 
      Cumulative area ratio:    0.60
      Required ratio:    0.00 (Cumulative area) 

    Layer: Metal3
      Partial area ratio:   16.60
      Required ratio:    0.00 (Gate area) 
      Cumulative area ratio:   22.76
      Required ratio:  200.00 (Cumulative area) 
      Partial area ratio:   76.65
      Required ratio:    0.00 (Side area) 
      Cumulative area ratio:  105.33
      Required ratio:    0.00 (Cumulative side area) 

    Layer: Via3
      Partial area ratio:    0.20
      Required ratio:   20.00 (Gate area) 
      Cumulative area ratio:    0.80
      Required ratio:    0.00 (Cumulative area) 

    Layer: Metal4
      Partial area ratio:  251.29
      Required ratio:    0.00 (Gate area) 
      Cumulative area ratio:  274.05
      Required ratio:  200.00 (Cumulative area) (VIOLATED)
      Partial area ratio: 1131.29
      Required ratio:    0.00 (Side area) 
      Cumulative area ratio: 1236.62
      Required ratio:    0.00 (Cumulative side area) 

    Layer: Via4
      Partial area ratio:    0.10
      Required ratio:   20.00 (Gate area) 
      Cumulative area ratio:    0.90
      Required ratio:    0.00 (Cumulative area) 

    Layer: Metal5
      Partial area ratio:   20.08
      Required ratio:    0.00 (Gate area) 
      Cumulative area ratio:  294.13
      Required ratio: 13240.00 (Cumulative area) 
      Partial area ratio:   90.87
      Required ratio:    0.00 (Side area) 
      Cumulative area ratio: 1327.49
      Required ratio:    0.00 (Cumulative side area) 



Net: in_bus\[0\]
  Pin:   _53753_/A (sg13g2_nand2_1)
    Layer: Via1
      Partial area ratio:    0.15
      Required ratio:   20.00 (Gate area) 
      Cumulative area ratio:    0.15
      Required ratio:    0.00 (Cumulative area) 

    Layer: Metal2
      Partial area ratio:    4.46
      Required ratio:    0.00 (Gate area) 
      Cumulative area ratio:    4.46
      Required ratio:  200.00 (Cumulative area) 
      Partial area ratio:   20.77
      Required ratio:    0.00 (Side area) 
      Cumulative area ratio:   20.77
      Required ratio:    0.00 (Cumulative side area) 

    Layer: Via2
      Partial area ratio:    0.30
      Required ratio:   20.00 (Gate area) 
      Cumulative area ratio:    0.45
      Required ratio:    0.00 (Cumulative area) 

    Layer: Metal3
      Partial area ratio:  417.59
      Required ratio:    0.00 (Gate area) 
      Cumulative area ratio:  422.05
      Required ratio:  200.00 (Cumulative area) (VIOLATED)
      Partial area ratio: 1881.40
      Required ratio:    0.00 (Side area) 
      Cumulative area ratio: 1902.17
      Required ratio:    0.00 (Cumulative side area) 



Net: in_bus\[1\]
  Pin:   _53755_/A (sg13g2_nand2_1)
    Layer: Via1
      Partial area ratio:    0.15
      Required ratio:   20.00 (Gate area) 
      Cumulative area ratio:    0.15
      Required ratio:    0.00 (Cumulative area) 

    Layer: Metal2
      Partial area ratio:    1.48
      Required ratio:    0.00 (Gate area) 
      Cumulative area ratio:    1.48
      Required ratio:  200.00 (Cumulative area) 
      Partial area ratio:    7.37
      Required ratio:    0.00 (Side area) 
      Cumulative area ratio:    7.37
      Required ratio:    0.00 (Cumulative side area) 

    Layer: Via2
      Partial area ratio:    0.30
      Required ratio:   20.00 (Gate area) 
      Cumulative area ratio:    0.45
      Required ratio:    0.00 (Cumulative area) 

    Layer: Metal3
      Partial area ratio:  429.50
      Required ratio:    0.00 (Gate area) 
      Cumulative area ratio:  430.98
      Required ratio:  200.00 (Cumulative area) (VIOLATED)
      Partial area ratio: 1935.00
      Required ratio:    0.00 (Side area) 
      Cumulative area ratio: 1942.37
      Required ratio:    0.00 (Cumulative side area) 



Net: in_bus\[2\]
  Pin:   _53757_/A1 (sg13g2_mux2_1)
    Layer: Metal1
      Partial area ratio:    0.10
      Required ratio:    0.00 (Gate area) 
      Cumulative area ratio:    0.10
      Required ratio:  200.00 (Cumulative area) 
      Partial area ratio:    1.82
      Required ratio:    0.00 (Side area) 
      Cumulative area ratio:    1.82
      Required ratio:    0.00 (Cumulative side area) 

    Layer: Via1
      Partial area ratio:    0.16
      Required ratio:   20.00 (Gate area) 
      Cumulative area ratio:    0.16
      Required ratio:    0.00 (Cumulative area) 

    Layer: Metal2
      Partial area ratio:    4.81
      Required ratio:    0.00 (Gate area) 
      Cumulative area ratio:    4.91
      Required ratio:  200.00 (Cumulative area) 
      Partial area ratio:   22.40
      Required ratio:    0.00 (Side area) 
      Cumulative area ratio:   24.22
      Required ratio:    0.00 (Cumulative side area) 

    Layer: Via2
      Partial area ratio:    0.32
      Required ratio:   20.00 (Gate area) 
      Cumulative area ratio:    0.48
      Required ratio:    0.00 (Cumulative area) 

    Layer: Metal3
      Partial area ratio:  391.02
      Required ratio:    0.00 (Gate area) 
      Cumulative area ratio:  395.93
      Required ratio:  200.00 (Cumulative area) (VIOLATED)
      Partial area ratio: 1761.98
      Required ratio:    0.00 (Side area) 
      Cumulative area ratio: 1786.20
      Required ratio:    0.00 (Cumulative side area) 



Net: in_bus\[3\]
  Pin:   _53758_/A1 (sg13g2_mux2_1)
    Layer: Metal1
      Partial area ratio:    0.10
      Required ratio:    0.00 (Gate area) 
      Cumulative area ratio:    0.10
      Required ratio:  200.00 (Cumulative area) 
      Partial area ratio:    1.82
      Required ratio:    0.00 (Side area) 
      Cumulative area ratio:    1.82
      Required ratio:    0.00 (Cumulative side area) 

    Layer: Via1
      Partial area ratio:    0.16
      Required ratio:   20.00 (Gate area) 
      Cumulative area ratio:    0.16
      Required ratio:    0.00 (Cumulative area) 

    Layer: Metal2
      Partial area ratio:    1.63
      Required ratio:    0.00 (Gate area) 
      Cumulative area ratio:    1.72
      Required ratio:  200.00 (Cumulative area) 
      Partial area ratio:    8.08
      Required ratio:    0.00 (Side area) 
      Cumulative area ratio:    9.90
      Required ratio:    0.00 (Cumulative side area) 

    Layer: Via2
      Partial area ratio:    0.32
      Required ratio:   20.00 (Gate area) 
      Cumulative area ratio:    0.48
      Required ratio:    0.00 (Cumulative area) 

    Layer: Metal3
      Partial area ratio:  392.39
      Required ratio:    0.00 (Gate area) 
      Cumulative area ratio:  394.12
      Required ratio:  200.00 (Cumulative area) (VIOLATED)
      Partial area ratio: 1768.15
      Required ratio:    0.00 (Side area) 
      Cumulative area ratio: 1778.05
      Required ratio:    0.00 (Cumulative side area) 



Net: in_bus\[4\]
  Pin:   _53759_/A1 (sg13g2_mux2_1)
    Layer: Metal1
      Partial area ratio:    0.10
      Required ratio:    0.00 (Gate area) 
      Cumulative area ratio:    0.10
      Required ratio:  200.00 (Cumulative area) 
      Partial area ratio:    1.82
      Required ratio:    0.00 (Side area) 
      Cumulative area ratio:    1.82
      Required ratio:    0.00 (Cumulative side area) 

    Layer: Via1
      Partial area ratio:    0.16
      Required ratio:   20.00 (Gate area) 
      Cumulative area ratio:    0.16
      Required ratio:    0.00 (Cumulative area) 

    Layer: Metal2
      Partial area ratio:    4.38
      Required ratio:    0.00 (Gate area) 
      Cumulative area ratio:    4.48
      Required ratio:  200.00 (Cumulative area) 
      Partial area ratio:   20.49
      Required ratio:    0.00 (Side area) 
      Cumulative area ratio:   22.31
      Required ratio:    0.00 (Cumulative side area) 

    Layer: Via2
      Partial area ratio:    0.32
      Required ratio:   20.00 (Gate area) 
      Cumulative area ratio:    0.48
      Required ratio:    0.00 (Cumulative area) 

    Layer: Metal3
      Partial area ratio:    0.53
      Required ratio:    0.00 (Gate area) 
      Cumulative area ratio:    5.01
      Required ratio:  200.00 (Cumulative area) 
      Partial area ratio:    3.94
      Required ratio:    0.00 (Side area) 
      Cumulative area ratio:   26.25
      Required ratio:    0.00 (Cumulative side area) 

    Layer: Via3
      Partial area ratio:    0.16
      Required ratio:   20.00 (Gate area) 
      Cumulative area ratio:    0.64
      Required ratio:    0.00 (Cumulative area) 

    Layer: Metal4
      Partial area ratio:   19.44
      Required ratio:    0.00 (Gate area) 
      Cumulative area ratio:   24.45
      Required ratio:  200.00 (Cumulative area) 
      Partial area ratio:   88.27
      Required ratio:    0.00 (Side area) 
      Cumulative area ratio:  114.52
      Required ratio:    0.00 (Cumulative side area) 

    Layer: Via4
      Partial area ratio:    0.16
      Required ratio:   20.00 (Gate area) 
      Cumulative area ratio:    0.80
      Required ratio:    0.00 (Cumulative area) 

    Layer: Metal5
      Partial area ratio:  420.42
      Required ratio:    0.00 (Gate area) 
      Cumulative area ratio:  444.87
      Required ratio:  200.00 (Cumulative area) (VIOLATED)
      Partial area ratio: 1892.67
      Required ratio:    0.00 (Side area) 
      Cumulative area ratio: 2007.19
      Required ratio:    0.00 (Cumulative side area) 



Net: in_bus\[5\]
  Pin:   _53760_/A1 (sg13g2_mux2_1)
    Layer: Metal1
      Partial area ratio:    0.10
      Required ratio:    0.00 (Gate area) 
      Cumulative area ratio:    0.10
      Required ratio:  200.00 (Cumulative area) 
      Partial area ratio:    1.82
      Required ratio:    0.00 (Side area) 
      Cumulative area ratio:    1.82
      Required ratio:    0.00 (Cumulative side area) 

    Layer: Via1
      Partial area ratio:    0.16
      Required ratio:   20.00 (Gate area) 
      Cumulative area ratio:    0.16
      Required ratio:    0.00 (Cumulative area) 

    Layer: Metal2
      Partial area ratio:    3.54
      Required ratio:    0.00 (Gate area) 
      Cumulative area ratio:    3.63
      Required ratio:  200.00 (Cumulative area) 
      Partial area ratio:   16.67
      Required ratio:    0.00 (Side area) 
      Cumulative area ratio:   18.49
      Required ratio:    0.00 (Cumulative side area) 

    Layer: Via2
      Partial area ratio:    0.32
      Required ratio:   20.00 (Gate area) 
      Cumulative area ratio:    0.48
      Required ratio:    0.00 (Cumulative area) 

    Layer: Metal3
      Partial area ratio:    6.89
      Required ratio:    0.00 (Gate area) 
      Cumulative area ratio:   10.53
      Required ratio:  200.00 (Cumulative area) 
      Partial area ratio:   32.59
      Required ratio:    0.00 (Side area) 
      Cumulative area ratio:   51.08
      Required ratio:    0.00 (Cumulative side area) 

    Layer: Via3
      Partial area ratio:    0.16
      Required ratio:   20.00 (Gate area) 
      Cumulative area ratio:    0.64
      Required ratio:    0.00 (Cumulative area) 

    Layer: Metal4
      Partial area ratio:   25.81
      Required ratio:    0.00 (Gate area) 
      Cumulative area ratio:   36.33
      Required ratio:  200.00 (Cumulative area) 
      Partial area ratio:  116.92
      Required ratio:    0.00 (Side area) 
      Cumulative area ratio:  168.00
      Required ratio:    0.00 (Cumulative side area) 

    Layer: Via4
      Partial area ratio:    0.16
      Required ratio:   20.00 (Gate area) 
      Cumulative area ratio:    0.80
      Required ratio:    0.00 (Cumulative area) 

    Layer: Metal5
      Partial area ratio:  382.22
      Required ratio:    0.00 (Gate area) 
      Cumulative area ratio:  418.55
      Required ratio:  200.00 (Cumulative area) (VIOLATED)
      Partial area ratio: 1720.78
      Required ratio:    0.00 (Side area) 
      Cumulative area ratio: 1888.78
      Required ratio:    0.00 (Cumulative side area) 



Net: in_bus\[6\]
  Pin:   _53761_/A1 (sg13g2_mux2_1)
    Layer: Metal1
      Partial area ratio:    0.10
      Required ratio:    0.00 (Gate area) 
      Cumulative area ratio:    0.10
      Required ratio:  200.00 (Cumulative area) 
      Partial area ratio:    1.82
      Required ratio:    0.00 (Side area) 
      Cumulative area ratio:    1.82
      Required ratio:    0.00 (Cumulative side area) 

    Layer: Via1
      Partial area ratio:    0.16
      Required ratio:   20.00 (Gate area) 
      Cumulative area ratio:    0.16
      Required ratio:    0.00 (Cumulative area) 

    Layer: Metal2
      Partial area ratio:    2.79
      Required ratio:    0.00 (Gate area) 
      Cumulative area ratio:    2.89
      Required ratio:  200.00 (Cumulative area) 
      Partial area ratio:   13.33
      Required ratio:    0.00 (Side area) 
      Cumulative area ratio:   15.15
      Required ratio:    0.00 (Cumulative side area) 

    Layer: Via2
      Partial area ratio:    0.32
      Required ratio:   20.00 (Gate area) 
      Cumulative area ratio:    0.48
      Required ratio:    0.00 (Cumulative area) 

    Layer: Metal3
      Partial area ratio:    6.89
      Required ratio:    0.00 (Gate area) 
      Cumulative area ratio:    9.78
      Required ratio:  200.00 (Cumulative area) 
      Partial area ratio:   32.59
      Required ratio:    0.00 (Side area) 
      Cumulative area ratio:   47.74
      Required ratio:    0.00 (Cumulative side area) 

    Layer: Via3
      Partial area ratio:    0.16
      Required ratio:   20.00 (Gate area) 
      Cumulative area ratio:    0.64
      Required ratio:    0.00 (Cumulative area) 

    Layer: Metal4
      Partial area ratio:   32.17
      Required ratio:    0.00 (Gate area) 
      Cumulative area ratio:   41.96
      Required ratio:  200.00 (Cumulative area) 
      Partial area ratio:  145.56
      Required ratio:    0.00 (Side area) 
      Cumulative area ratio:  193.30
      Required ratio:    0.00 (Cumulative side area) 

    Layer: Via4
      Partial area ratio:    0.16
      Required ratio:   20.00 (Gate area) 
      Cumulative area ratio:    0.80
      Required ratio:    0.00 (Cumulative area) 

    Layer: Metal5
      Partial area ratio:  382.22
      Required ratio:    0.00 (Gate area) 
      Cumulative area ratio:  424.18
      Required ratio:  200.00 (Cumulative area) (VIOLATED)
      Partial area ratio: 1720.78
      Required ratio:    0.00 (Side area) 
      Cumulative area ratio: 1914.08
      Required ratio:    0.00 (Cumulative side area) 



Net: in_bus\[7\]
  Pin:   _53762_/A (sg13g2_nand2_1)
    Layer: Via1
      Partial area ratio:    0.15
      Required ratio:   20.00 (Gate area) 
      Cumulative area ratio:    0.15
      Required ratio:    0.00 (Cumulative area) 

    Layer: Metal2
      Partial area ratio:    4.74
      Required ratio:    0.00 (Gate area) 
      Cumulative area ratio:    4.74
      Required ratio:  200.00 (Cumulative area) 
      Partial area ratio:   22.03
      Required ratio:    0.00 (Side area) 
      Cumulative area ratio:   22.03
      Required ratio:    0.00 (Cumulative side area) 

    Layer: Via2
      Partial area ratio:    0.30
      Required ratio:   20.00 (Gate area) 
      Cumulative area ratio:    0.45
      Required ratio:    0.00 (Cumulative area) 

    Layer: Metal3
      Partial area ratio:    0.49
      Required ratio:    0.00 (Gate area) 
      Cumulative area ratio:    5.23
      Required ratio:  200.00 (Cumulative area) 
      Partial area ratio:    3.68
      Required ratio:    0.00 (Side area) 
      Cumulative area ratio:   25.72
      Required ratio:    0.00 (Cumulative side area) 

    Layer: Via3
      Partial area ratio:    0.15
      Required ratio:   20.00 (Gate area) 
      Cumulative area ratio:    0.60
      Required ratio:    0.00 (Cumulative area) 

    Layer: Metal4
      Partial area ratio:    0.25
      Required ratio:    0.00 (Gate area) 
      Cumulative area ratio:    5.48
      Required ratio:  200.00 (Cumulative area) 
      Partial area ratio:    1.86
      Required ratio:    0.00 (Side area) 
      Cumulative area ratio:   27.58
      Required ratio:    0.00 (Cumulative side area) 

    Layer: Via4
      Partial area ratio:    0.15
      Required ratio:   20.00 (Gate area) 
      Cumulative area ratio:    0.75
      Required ratio:    0.00 (Cumulative area) 

    Layer: Metal5
      Partial area ratio:  387.34
      Required ratio:    0.00 (Gate area) 
      Cumulative area ratio:  392.82
      Required ratio:  200.00 (Cumulative area) (VIOLATED)
      Partial area ratio: 1743.76
      Required ratio:    0.00 (Side area) 
      Cumulative area ratio: 1771.34
      Required ratio:    0.00 (Cumulative side area) 



Net: in_req
  Pin:   _65827_/D (sg13g2_dfrbpq_1)
    Layer: Via1
      Partial area ratio:    0.33
      Required ratio:   20.00 (Gate area) 
      Cumulative area ratio:    0.33
      Required ratio:    0.00 (Cumulative area) 

    Layer: Metal2
      Partial area ratio:  306.12
      Required ratio:    0.00 (Gate area) 
      Cumulative area ratio:  306.12
      Required ratio:  200.00 (Cumulative area) (VIOLATED)
      Partial area ratio: 1379.12
      Required ratio:    0.00 (Side area) 
      Cumulative area ratio: 1379.12
      Required ratio:    0.00 (Cumulative side area) 

    Layer: Via2
      Partial area ratio:    0.66
      Required ratio:   20.00 (Gate area) 
      Cumulative area ratio:    0.99
      Required ratio:    0.00 (Cumulative area) 

    Layer: Metal3
      Partial area ratio:   15.73
      Required ratio:    0.00 (Gate area) 
      Cumulative area ratio:  321.85
      Required ratio:  200.00 (Cumulative area) (VIOLATED)
      Partial area ratio:   74.09
      Required ratio:    0.00 (Side area) 
      Cumulative area ratio: 1453.21
      Required ratio:    0.00 (Cumulative side area) 



Net: out_ack
  Pin:   _65825_/D (sg13g2_dfrbpq_1)
    Layer: Via1
      Partial area ratio:    0.33
      Required ratio:   20.00 (Gate area) 
      Cumulative area ratio:    0.33
      Required ratio:    0.00 (Cumulative area) 

    Layer: Metal2
      Partial area ratio:    7.16
      Required ratio:    0.00 (Gate area) 
      Cumulative area ratio:    7.16
      Required ratio:  200.00 (Cumulative area) 
      Partial area ratio:   33.82
      Required ratio:    0.00 (Side area) 
      Cumulative area ratio:   33.82
      Required ratio:    0.00 (Cumulative side area) 

    Layer: Via2
      Partial area ratio:    0.66
      Required ratio:   20.00 (Gate area) 
      Cumulative area ratio:    0.99
      Required ratio:    0.00 (Cumulative area) 

    Layer: Metal3
      Partial area ratio:  251.61
      Required ratio:    0.00 (Gate area) 
      Cumulative area ratio:  258.78
      Required ratio:  200.00 (Cumulative area) (VIOLATED)
      Partial area ratio: 1135.55
      Required ratio:    0.00 (Side area) 
      Cumulative area ratio: 1169.37
      Required ratio:    0.00 (Cumulative side area) 



Net: u_nqx.u_core.g_cordic_pipe.u_cordic.in_tag\[3\]
  Pin:   _40876_/A2 (sg13g2_a21oi_1)
    Layer: Via1
      Partial area ratio:    0.15
      Required ratio:   20.00 (Gate area) 
      Cumulative area ratio:    0.15
      Required ratio:    0.00 (Cumulative area) 

    Layer: Metal2
      Partial area ratio:   14.63
      Required ratio:    0.00 (Gate area) 
      Cumulative area ratio:   14.63
      Required ratio: 13544.00 (Cumulative area) 
      Partial area ratio:   66.20
      Required ratio:    0.00 (Side area) 
      Cumulative area ratio:   66.20
      Required ratio:    0.00 (Cumulative side area) 

    Layer: Via2
      Partial area ratio:    0.32
      Required ratio:  338.60 (Gate area) 
      Cumulative area ratio:    0.47
      Required ratio:    0.00 (Cumulative area) 

    Layer: Metal3
      Partial area ratio:    0.52
      Required ratio:    0.00 (Gate area) 
      Cumulative area ratio:   15.15
      Required ratio: 13544.00 (Cumulative area) 
      Partial area ratio:    3.90
      Required ratio:    0.00 (Side area) 
      Cumulative area ratio:   70.10
      Required ratio:    0.00 (Cumulative side area) 

    Layer: Via3
      Partial area ratio:    0.08
      Required ratio:  338.60 (Gate area) 
      Cumulative area ratio:    0.55
      Required ratio:    0.00 (Cumulative area) 

    Layer: Metal4
      Partial area ratio:    2.69
      Required ratio:    0.00 (Gate area) 
      Cumulative area ratio:   17.83
      Required ratio: 13544.00 (Cumulative area) 
      Partial area ratio:   12.41
      Required ratio:    0.00 (Side area) 
      Cumulative area ratio:   82.51
      Required ratio:    0.00 (Cumulative side area) 


  Pin:   _40877_/A2 (sg13g2_a21o_1)
    Layer: Via1
      Partial area ratio:    0.17
      Required ratio:   20.00 (Gate area) 
      Cumulative area ratio:    0.17
      Required ratio:    0.00 (Cumulative area) 

    Layer: Metal2
      Partial area ratio:   14.63
      Required ratio:    0.00 (Gate area) 
      Cumulative area ratio:   14.63
      Required ratio: 13544.00 (Cumulative area) 
      Partial area ratio:   66.20
      Required ratio:    0.00 (Side area) 
      Cumulative area ratio:   66.20
      Required ratio:    0.00 (Cumulative side area) 

    Layer: Via2
      Partial area ratio:    0.32
      Required ratio:  338.60 (Gate area) 
      Cumulative area ratio:    0.49
      Required ratio:    0.00 (Cumulative area) 

    Layer: Metal3
      Partial area ratio:    0.52
      Required ratio:    0.00 (Gate area) 
      Cumulative area ratio:   15.15
      Required ratio: 13544.00 (Cumulative area) 
      Partial area ratio:    3.90
      Required ratio:    0.00 (Side area) 
      Cumulative area ratio:   70.10
      Required ratio:    0.00 (Cumulative side area) 

    Layer: Via3
      Partial area ratio:    0.08
      Required ratio:  338.60 (Gate area) 
      Cumulative area ratio:    0.57
      Required ratio:    0.00 (Cumulative area) 

    Layer: Metal4
      Partial area ratio:    2.69
      Required ratio:    0.00 (Gate area) 
      Cumulative area ratio:   17.83
      Required ratio: 13544.00 (Cumulative area) 
      Partial area ratio:   12.41
      Required ratio:    0.00 (Side area) 
      Cumulative area ratio:   82.51
      Required ratio:    0.00 (Cumulative side area) 


  Pin:   _65784_/D (sg13g2_dfrbpq_1)
    Layer: Via1
      Partial area ratio:    0.33
      Required ratio:   20.00 (Gate area) 
      Cumulative area ratio:    0.33
      Required ratio:    0.00 (Cumulative area) 

    Layer: Metal2
      Partial area ratio:    8.92
      Required ratio:    0.00 (Gate area) 
      Cumulative area ratio:    8.92
      Required ratio:  200.00 (Cumulative area) 
      Partial area ratio:   41.73
      Required ratio:    0.00 (Side area) 
      Cumulative area ratio:   41.73
      Required ratio:    0.00 (Cumulative side area) 

    Layer: Via2
      Partial area ratio:    0.66
      Required ratio:   20.00 (Gate area) 
      Cumulative area ratio:    0.99
      Required ratio:    0.00 (Cumulative area) 

    Layer: Metal3
      Partial area ratio:  515.91
      Required ratio:    0.00 (Gate area) 
      Cumulative area ratio:  524.83
      Required ratio:  200.00 (Cumulative area) (VIOLATED)
      Partial area ratio: 2326.48
      Required ratio:    0.00 (Side area) 
      Cumulative area ratio: 2368.21
      Required ratio:    0.00 (Cumulative side area) 

    Layer: Via3
      Partial area ratio:    0.33
      Required ratio:   20.00 (Gate area) 
      Cumulative area ratio:    1.32
      Required ratio:    0.00 (Cumulative area) 

    Layer: Metal4
      Partial area ratio:    2.69
      Required ratio:    0.00 (Gate area) 
      Cumulative area ratio:  527.52
      Required ratio: 13544.00 (Cumulative area) 
      Partial area ratio:   12.41
      Required ratio:    0.00 (Side area) 
      Cumulative area ratio: 2380.62
      Required ratio:    0.00 (Cumulative side area) 



Net: u_nqx.u_core.g_cordic_pipe.u_cordic.in_tag\[5\]
  Pin:   _40874_/A2 (sg13g2_a21oi_1)
    Layer: Via1
      Partial area ratio:    0.15
      Required ratio:   20.00 (Gate area) 
      Cumulative area ratio:    0.15
      Required ratio:    0.00 (Cumulative area) 

    Layer: Metal2
      Partial area ratio:    7.59
      Required ratio:    0.00 (Gate area) 
      Cumulative area ratio:    7.59
      Required ratio:  200.00 (Cumulative area) 
      Partial area ratio:   34.50
      Required ratio:    0.00 (Side area) 
      Cumulative area ratio:   34.50
      Required ratio:    0.00 (Cumulative side area) 

    Layer: Via2
      Partial area ratio:    0.24
      Required ratio:   20.00 (Gate area) 
      Cumulative area ratio:    0.39
      Required ratio:    0.00 (Cumulative area) 

    Layer: Metal3
      Partial area ratio:   22.67
      Required ratio:    0.00 (Gate area) 
      Cumulative area ratio:   30.26
      Required ratio: 13544.00 (Cumulative area) 
      Partial area ratio:  103.59
      Required ratio:    0.00 (Side area) 
      Cumulative area ratio:  138.09
      Required ratio:    0.00 (Cumulative side area) 

    Layer: Via3
      Partial area ratio:    0.08
      Required ratio:  338.60 (Gate area) 
      Cumulative area ratio:    0.47
      Required ratio:    0.00 (Cumulative area) 

    Layer: Metal4
      Partial area ratio:    5.24
      Required ratio:    0.00 (Gate area) 
      Cumulative area ratio:   35.49
      Required ratio: 13544.00 (Cumulative area) 
      Partial area ratio:   23.90
      Required ratio:    0.00 (Side area) 
      Cumulative area ratio:  161.99
      Required ratio:    0.00 (Cumulative side area) 


  Pin:   _40875_/A2 (sg13g2_a21o_1)
    Layer: Via1
      Partial area ratio:    0.17
      Required ratio:   20.00 (Gate area) 
      Cumulative area ratio:    0.17
      Required ratio:    0.00 (Cumulative area) 

    Layer: Metal2
      Partial area ratio:    7.59
      Required ratio:    0.00 (Gate area) 
      Cumulative area ratio:    7.59
      Required ratio:  200.00 (Cumulative area) 
      Partial area ratio:   34.50
      Required ratio:    0.00 (Side area) 
      Cumulative area ratio:   34.50
      Required ratio:    0.00 (Cumulative side area) 

    Layer: Via2
      Partial area ratio:    0.24
      Required ratio:   20.00 (Gate area) 
      Cumulative area ratio:    0.41
      Required ratio:    0.00 (Cumulative area) 

    Layer: Metal3
      Partial area ratio:   22.67
      Required ratio:    0.00 (Gate area) 
      Cumulative area ratio:   30.26
      Required ratio: 13544.00 (Cumulative area) 
      Partial area ratio:  103.59
      Required ratio:    0.00 (Side area) 
      Cumulative area ratio:  138.09
      Required ratio:    0.00 (Cumulative side area) 

    Layer: Via3
      Partial area ratio:    0.08
      Required ratio:  338.60 (Gate area) 
      Cumulative area ratio:    0.49
      Required ratio:    0.00 (Cumulative area) 

    Layer: Metal4
      Partial area ratio:    5.24
      Required ratio:    0.00 (Gate area) 
      Cumulative area ratio:   35.49
      Required ratio: 13544.00 (Cumulative area) 
      Partial area ratio:   23.90
      Required ratio:    0.00 (Side area) 
      Cumulative area ratio:  161.99
      Required ratio:    0.00 (Cumulative side area) 


  Pin:   _65786_/D (sg13g2_dfrbpq_1)
    Layer: Via1
      Partial area ratio:    0.33
      Required ratio:   20.00 (Gate area) 
      Cumulative area ratio:    0.33
      Required ratio:    0.00 (Cumulative area) 

    Layer: Metal2
      Partial area ratio:    8.14
      Required ratio:    0.00 (Gate area) 
      Cumulative area ratio:    8.14
      Required ratio:  200.00 (Cumulative area) 
      Partial area ratio:   38.23
      Required ratio:    0.00 (Side area) 
      Cumulative area ratio:   38.23
      Required ratio:    0.00 (Cumulative side area) 

    Layer: Via2
      Partial area ratio:    0.66
      Required ratio:   20.00 (Gate area) 
      Cumulative area ratio:    0.99
      Required ratio:    0.00 (Cumulative area) 

    Layer: Metal3
      Partial area ratio:  291.20
      Required ratio:    0.00 (Gate area) 
      Cumulative area ratio:  299.34
      Required ratio:  200.00 (Cumulative area) (VIOLATED)
      Partial area ratio: 1313.65
      Required ratio:    0.00 (Side area) 
      Cumulative area ratio: 1351.88
      Required ratio:    0.00 (Cumulative side area) 

    Layer: Via3
      Partial area ratio:    0.33
      Required ratio:   20.00 (Gate area) 
      Cumulative area ratio:    1.32
      Required ratio:    0.00 (Cumulative area) 

    Layer: Metal4
      Partial area ratio:    5.24
      Required ratio:    0.00 (Gate area) 
      Cumulative area ratio:  304.58
      Required ratio: 13544.00 (Cumulative area) 
      Partial area ratio:   23.90
      Required ratio:    0.00 (Side area) 
      Cumulative area ratio: 1375.77
      Required ratio:    0.00 (Cumulative side area) 



Net: net66
  Pin:   fanout50/A (sg13g2_buf_1)
    Layer: Via1
      Partial area ratio:    0.20
      Required ratio:   20.00 (Gate area) 
      Cumulative area ratio:    0.20
      Required ratio:    0.00 (Cumulative area) 

    Layer: Metal2
      Partial area ratio:    4.15
      Required ratio:    0.00 (Gate area) 
      Cumulative area ratio:    4.15
      Required ratio:  200.00 (Cumulative area) 
      Partial area ratio:   19.63
      Required ratio:    0.00 (Side area) 
      Cumulative area ratio:   19.63
      Required ratio:    0.00 (Cumulative side area) 

    Layer: Via2
      Partial area ratio:    0.40
      Required ratio:   20.00 (Gate area) 
      Cumulative area ratio:    0.60
      Required ratio:    0.00 (Cumulative area) 

    Layer: Metal3
      Partial area ratio:   92.29
      Required ratio:    0.00 (Gate area) 
      Cumulative area ratio:   96.45
      Required ratio:  200.00 (Cumulative area) 
      Partial area ratio:  417.30
      Required ratio:    0.00 (Side area) 
      Cumulative area ratio:  436.94
      Required ratio:    0.00 (Cumulative side area) 

    Layer: Via3
      Partial area ratio:    0.10
      Required ratio:   20.00 (Gate area) 
      Cumulative area ratio:    0.70
      Required ratio:    0.00 (Cumulative area) 

    Layer: Metal4
      Partial area ratio:  122.34
      Required ratio:    0.00 (Gate area) 
      Cumulative area ratio:  218.78
      Required ratio:  200.00 (Cumulative area) (VIOLATED)
      Partial area ratio:  550.83
      Required ratio:    0.00 (Side area) 
      Cumulative area ratio:  987.77
      Required ratio:    0.00 (Cumulative side area) 

    Layer: Via4
      Partial area ratio:    0.07
      Required ratio:   20.00 (Gate area) 
      Cumulative area ratio:    0.77
      Required ratio:    0.00 (Cumulative area) 

    Layer: Metal5
      Partial area ratio:   49.89
      Required ratio:    0.00 (Gate area) 
      Cumulative area ratio:  268.67
      Required ratio: 14172.00 (Cumulative area) 
      Partial area ratio:  224.74
      Required ratio:    0.00 (Side area) 
      Cumulative area ratio: 1212.51
      Required ratio:    0.00 (Cumulative side area) 


  Pin:   fanout55/A (sg13g2_buf_1)
    Layer: Via1
      Partial area ratio:    0.20
      Required ratio:   20.00 (Gate area) 
      Cumulative area ratio:    0.20
      Required ratio:    0.00 (Cumulative area) 

    Layer: Metal2
      Partial area ratio:    2.69
      Required ratio:    0.00 (Gate area) 
      Cumulative area ratio:    2.69
      Required ratio:  200.00 (Cumulative area) 
      Partial area ratio:   13.06
      Required ratio:    0.00 (Side area) 
      Cumulative area ratio:   13.06
      Required ratio:    0.00 (Cumulative side area) 

    Layer: Via2
      Partial area ratio:    0.40
      Required ratio:   20.00 (Gate area) 
      Cumulative area ratio:    0.60
      Required ratio:    0.00 (Cumulative area) 

    Layer: Metal3
      Partial area ratio:   92.29
      Required ratio:    0.00 (Gate area) 
      Cumulative area ratio:   94.99
      Required ratio:  200.00 (Cumulative area) 
      Partial area ratio:  417.30
      Required ratio:    0.00 (Side area) 
      Cumulative area ratio:  430.37
      Required ratio:    0.00 (Cumulative side area) 

    Layer: Via3
      Partial area ratio:    0.10
      Required ratio:   20.00 (Gate area) 
      Cumulative area ratio:    0.70
      Required ratio:    0.00 (Cumulative area) 

    Layer: Metal4
      Partial area ratio:  122.34
      Required ratio:    0.00 (Gate area) 
      Cumulative area ratio:  217.32
      Required ratio:  200.00 (Cumulative area) (VIOLATED)
      Partial area ratio:  550.83
      Required ratio:    0.00 (Side area) 
      Cumulative area ratio:  981.20
      Required ratio:    0.00 (Cumulative side area) 

    Layer: Via4
      Partial area ratio:    0.07
      Required ratio:   20.00 (Gate area) 
      Cumulative area ratio:    0.77
      Required ratio:    0.00 (Cumulative area) 

    Layer: Metal5
      Partial area ratio:   49.89
      Required ratio:    0.00 (Gate area) 
      Cumulative area ratio:  267.21
      Required ratio: 14172.00 (Cumulative area) 
      Partial area ratio:  224.74
      Required ratio:    0.00 (Side area) 
      Cumulative area ratio: 1205.94
      Required ratio:    0.00 (Cumulative side area) 


  Pin:   fanout60/A (sg13g2_buf_1)
    Layer: Via1
      Partial area ratio:    0.20
      Required ratio:   20.00 (Gate area) 
      Cumulative area ratio:    0.20
      Required ratio:    0.00 (Cumulative area) 

    Layer: Metal2
      Partial area ratio:   10.70
      Required ratio:    0.00 (Gate area) 
      Cumulative area ratio:   10.70
      Required ratio: 14172.00 (Cumulative area) 
      Partial area ratio:   49.09
      Required ratio:    0.00 (Side area) 
      Cumulative area ratio:   49.09
      Required ratio:    0.00 (Cumulative side area) 

    Layer: Via2
      Partial area ratio:    0.60
      Required ratio:  354.30 (Gate area) 
      Cumulative area ratio:    0.80
      Required ratio:    0.00 (Cumulative area) 

    Layer: Metal3
      Partial area ratio:    0.98
      Required ratio:    0.00 (Gate area) 
      Cumulative area ratio:   11.68
      Required ratio: 14172.00 (Cumulative area) 
      Partial area ratio:    7.37
      Required ratio:    0.00 (Side area) 
      Cumulative area ratio:   56.47
      Required ratio:    0.00 (Cumulative side area) 

    Layer: Via3
      Partial area ratio:    0.20
      Required ratio:  354.30 (Gate area) 
      Cumulative area ratio:    1.00
      Required ratio:    0.00 (Cumulative area) 

    Layer: Metal4
      Partial area ratio:  112.42
      Required ratio:    0.00 (Gate area) 
      Cumulative area ratio:  124.10
      Required ratio: 14172.00 (Cumulative area) 
      Partial area ratio:  507.85
      Required ratio:    0.00 (Side area) 
      Cumulative area ratio:  564.32
      Required ratio:    0.00 (Cumulative side area) 

    Layer: Via4
      Partial area ratio:    0.20
      Required ratio:  354.30 (Gate area) 
      Cumulative area ratio:    1.20
      Required ratio:    0.00 (Cumulative area) 

    Layer: Metal5
      Partial area ratio:   49.89
      Required ratio:    0.00 (Gate area) 
      Cumulative area ratio:  173.99
      Required ratio: 14172.00 (Cumulative area) 
      Partial area ratio:  224.74
      Required ratio:    0.00 (Side area) 
      Cumulative area ratio:  789.05
      Required ratio:    0.00 (Cumulative side area) 


  Pin:   fanout65/A (sg13g2_buf_1)
    Layer: Via1
      Partial area ratio:    0.20
      Required ratio:   20.00 (Gate area) 
      Cumulative area ratio:    0.20
      Required ratio:    0.00 (Cumulative area) 

    Layer: Metal2
      Partial area ratio:    1.38
      Required ratio:    0.00 (Gate area) 
      Cumulative area ratio:    1.38
      Required ratio:  200.00 (Cumulative area) 
      Partial area ratio:    7.16
      Required ratio:    0.00 (Side area) 
      Cumulative area ratio:    7.16
      Required ratio:    0.00 (Cumulative side area) 

    Layer: Via2
      Partial area ratio:    0.40
      Required ratio:   20.00 (Gate area) 
      Cumulative area ratio:    0.60
      Required ratio:    0.00 (Cumulative area) 

    Layer: Metal3
      Partial area ratio:    0.66
      Required ratio:    0.00 (Gate area) 
      Cumulative area ratio:    2.04
      Required ratio:  200.00 (Cumulative area) 
      Partial area ratio:    4.93
      Required ratio:    0.00 (Side area) 
      Cumulative area ratio:   12.09
      Required ratio:    0.00 (Cumulative side area) 

    Layer: Via3
      Partial area ratio:    0.20
      Required ratio:   20.00 (Gate area) 
      Cumulative area ratio:    0.80
      Required ratio:    0.00 (Cumulative area) 

    Layer: Metal4
      Partial area ratio:  122.34
      Required ratio:    0.00 (Gate area) 
      Cumulative area ratio:  124.37
      Required ratio:  200.00 (Cumulative area) 
      Partial area ratio:  550.83
      Required ratio:    0.00 (Side area) 
      Cumulative area ratio:  562.92
      Required ratio:    0.00 (Cumulative side area) 

    Layer: Via4
      Partial area ratio:    0.07
      Required ratio:   20.00 (Gate area) 
      Cumulative area ratio:    0.87
      Required ratio:    0.00 (Cumulative area) 

    Layer: Metal5
      Partial area ratio:   49.89
      Required ratio:    0.00 (Gate area) 
      Cumulative area ratio:  174.26
      Required ratio: 14172.00 (Cumulative area) 
      Partial area ratio:  224.74
      Required ratio:    0.00 (Side area) 
      Cumulative area ratio:  787.66
      Required ratio:    0.00 (Cumulative side area) 



Net: net111
  Pin:   fanout107/A (sg13g2_buf_1)
    Layer: Via1
      Partial area ratio:    0.20
      Required ratio:   20.00 (Gate area) 
      Cumulative area ratio:    0.20
      Required ratio:    0.00 (Cumulative area) 

    Layer: Metal2
      Partial area ratio:    5.09
      Required ratio:    0.00 (Gate area) 
      Cumulative area ratio:    5.09
      Required ratio:  200.00 (Cumulative area) 
      Partial area ratio:   23.87
      Required ratio:    0.00 (Side area) 
      Cumulative area ratio:   23.87
      Required ratio:    0.00 (Cumulative side area) 

    Layer: Via2
      Partial area ratio:    0.40
      Required ratio:   20.00 (Gate area) 
      Cumulative area ratio:    0.60
      Required ratio:    0.00 (Cumulative area) 

    Layer: Metal3
      Partial area ratio:   56.44
      Required ratio:    0.00 (Gate area) 
      Cumulative area ratio:   61.53
      Required ratio:  200.00 (Cumulative area) 
      Partial area ratio:  255.95
      Required ratio:    0.00 (Side area) 
      Cumulative area ratio:  279.82
      Required ratio:    0.00 (Cumulative side area) 

    Layer: Via3
      Partial area ratio:    0.20
      Required ratio:   20.00 (Gate area) 
      Cumulative area ratio:    0.80
      Required ratio:    0.00 (Cumulative area) 

    Layer: Metal4
      Partial area ratio:   82.77
      Required ratio:    0.00 (Gate area) 
      Cumulative area ratio:  144.30
      Required ratio:  200.00 (Cumulative area) 
      Partial area ratio:  373.46
      Required ratio:    0.00 (Side area) 
      Cumulative area ratio:  653.28
      Required ratio:    0.00 (Cumulative side area) 

    Layer: Via4
      Partial area ratio:    0.07
      Required ratio:   20.00 (Gate area) 
      Cumulative area ratio:    0.87
      Required ratio:    0.00 (Cumulative area) 

    Layer: Metal5
      Partial area ratio:   23.99
      Required ratio:    0.00 (Gate area) 
      Cumulative area ratio:  168.29
      Required ratio: 14172.00 (Cumulative area) 
      Partial area ratio:  108.19
      Required ratio:    0.00 (Side area) 
      Cumulative area ratio:  761.47
      Required ratio:    0.00 (Cumulative side area) 


  Pin:   fanout108/A (sg13g2_buf_1)
    Layer: Via1
      Partial area ratio:    0.20
      Required ratio:   20.00 (Gate area) 
      Cumulative area ratio:    0.20
      Required ratio:    0.00 (Cumulative area) 

    Layer: Metal2
      Partial area ratio:    7.75
      Required ratio:    0.00 (Gate area) 
      Cumulative area ratio:    7.75
      Required ratio:  200.00 (Cumulative area) 
      Partial area ratio:   35.85
      Required ratio:    0.00 (Side area) 
      Cumulative area ratio:   35.85
      Required ratio:    0.00 (Cumulative side area) 

    Layer: Via2
      Partial area ratio:    0.40
      Required ratio:   20.00 (Gate area) 
      Cumulative area ratio:    0.60
      Required ratio:    0.00 (Cumulative area) 

    Layer: Metal3
      Partial area ratio:  152.09
      Required ratio:    0.00 (Gate area) 
      Cumulative area ratio:  159.84
      Required ratio:  200.00 (Cumulative area) 
      Partial area ratio:  686.33
      Required ratio:    0.00 (Side area) 
      Cumulative area ratio:  722.18
      Required ratio:    0.00 (Cumulative side area) 

    Layer: Via3
      Partial area ratio:    0.40
      Required ratio:   20.00 (Gate area) 
      Cumulative area ratio:    1.00
      Required ratio:    0.00 (Cumulative area) 

    Layer: Metal4
      Partial area ratio:   82.77
      Required ratio:    0.00 (Gate area) 
      Cumulative area ratio:  242.61
      Required ratio:  200.00 (Cumulative area) (VIOLATED)
      Partial area ratio:  373.46
      Required ratio:    0.00 (Side area) 
      Cumulative area ratio: 1095.63
      Required ratio:    0.00 (Cumulative side area) 

    Layer: Via4
      Partial area ratio:    0.07
      Required ratio:   20.00 (Gate area) 
      Cumulative area ratio:    1.07
      Required ratio:    0.00 (Cumulative area) 

    Layer: Metal5
      Partial area ratio:   23.99
      Required ratio:    0.00 (Gate area) 
      Cumulative area ratio:  266.60
      Required ratio: 14172.00 (Cumulative area) 
      Partial area ratio:  108.19
      Required ratio:    0.00 (Side area) 
      Cumulative area ratio: 1203.82
      Required ratio:    0.00 (Cumulative side area) 


  Pin:   fanout109/A (sg13g2_buf_1)
    Layer: Via1
      Partial area ratio:    0.20
      Required ratio:   20.00 (Gate area) 
      Cumulative area ratio:    0.20
      Required ratio:    0.00 (Cumulative area) 

    Layer: Metal2
      Partial area ratio:    8.97
      Required ratio:    0.00 (Gate area) 
      Cumulative area ratio:    8.97
      Required ratio: 14172.00 (Cumulative area) 
      Partial area ratio:   41.30
      Required ratio:    0.00 (Side area) 
      Cumulative area ratio:   41.30
      Required ratio:    0.00 (Cumulative side area) 

    Layer: Via2
      Partial area ratio:    0.60
      Required ratio:  354.30 (Gate area) 
      Cumulative area ratio:    0.80
      Required ratio:    0.00 (Cumulative area) 

    Layer: Metal3
      Partial area ratio:    0.98
      Required ratio:    0.00 (Gate area) 
      Cumulative area ratio:    9.95
      Required ratio: 14172.00 (Cumulative area) 
      Partial area ratio:    7.37
      Required ratio:    0.00 (Side area) 
      Cumulative area ratio:   48.68
      Required ratio:    0.00 (Cumulative side area) 

    Layer: Via3
      Partial area ratio:    0.20
      Required ratio:  354.30 (Gate area) 
      Cumulative area ratio:    1.00
      Required ratio:    0.00 (Cumulative area) 

    Layer: Metal4
      Partial area ratio:    0.34
      Required ratio:    0.00 (Gate area) 
      Cumulative area ratio:   10.29
      Required ratio: 14172.00 (Cumulative area) 
      Partial area ratio:    2.49
      Required ratio:    0.00 (Side area) 
      Cumulative area ratio:   51.17
      Required ratio:    0.00 (Cumulative side area) 

    Layer: Via4
      Partial area ratio:    0.20
      Required ratio:  354.30 (Gate area) 
      Cumulative area ratio:    1.20
      Required ratio:    0.00 (Cumulative area) 

    Layer: Metal5
      Partial area ratio:   23.99
      Required ratio:    0.00 (Gate area) 
      Cumulative area ratio:   34.28
      Required ratio: 14172.00 (Cumulative area) 
      Partial area ratio:  108.19
      Required ratio:    0.00 (Side area) 
      Cumulative area ratio:  159.36
      Required ratio:    0.00 (Cumulative side area) 


  Pin:   fanout110/A (sg13g2_buf_1)
    Layer: Via1
      Partial area ratio:    0.20
      Required ratio:   20.00 (Gate area) 
      Cumulative area ratio:    0.20
      Required ratio:    0.00 (Cumulative area) 

    Layer: Metal2
      Partial area ratio:   13.55
      Required ratio:    0.00 (Gate area) 
      Cumulative area ratio:   13.55
      Required ratio:  200.00 (Cumulative area) 
      Partial area ratio:   61.92
      Required ratio:    0.00 (Side area) 
      Cumulative area ratio:   61.92
      Required ratio:    0.00 (Cumulative side area) 

    Layer: Via2
      Partial area ratio:    0.60
      Required ratio:   20.00 (Gate area) 
      Cumulative area ratio:    0.80
      Required ratio:    0.00 (Cumulative area) 

    Layer: Metal3
      Partial area ratio:   96.62
      Required ratio:    0.00 (Gate area) 
      Cumulative area ratio:  110.18
      Required ratio:  200.00 (Cumulative area) 
      Partial area ratio:  437.75
      Required ratio:    0.00 (Side area) 
      Cumulative area ratio:  499.67
      Required ratio:    0.00 (Cumulative side area) 

    Layer: Via3
      Partial area ratio:    0.40
      Required ratio:   20.00 (Gate area) 
      Cumulative area ratio:    1.20
      Required ratio:    0.00 (Cumulative area) 

    Layer: Metal4
      Partial area ratio:   82.77
      Required ratio:    0.00 (Gate area) 
      Cumulative area ratio:  192.95
      Required ratio:  200.00 (Cumulative area) 
      Partial area ratio:  373.46
      Required ratio:    0.00 (Side area) 
      Cumulative area ratio:  873.13
      Required ratio:    0.00 (Cumulative side area) 

    Layer: Via4
      Partial area ratio:    0.07
      Required ratio:   20.00 (Gate area) 
      Cumulative area ratio:    1.27
      Required ratio:    0.00 (Cumulative area) 

    Layer: Metal5
      Partial area ratio:   23.99
      Required ratio:    0.00 (Gate area) 
      Cumulative area ratio:  216.94
      Required ratio: 14172.00 (Cumulative area) 
      Partial area ratio:  108.19
      Required ratio:    0.00 (Side area) 
      Cumulative area ratio:  981.32
      Required ratio:    0.00 (Cumulative side area) 



Net: net127
  Pin:   fanout112/A (sg13g2_buf_1)
    Layer: Via1
      Partial area ratio:    0.20
      Required ratio:   20.00 (Gate area) 
      Cumulative area ratio:    0.20
      Required ratio:    0.00 (Cumulative area) 

    Layer: Metal2
      Partial area ratio:    4.57
      Required ratio:    0.00 (Gate area) 
      Cumulative area ratio:    4.57
      Required ratio:  200.00 (Cumulative area) 
      Partial area ratio:   21.51
      Required ratio:    0.00 (Side area) 
      Cumulative area ratio:   21.51
      Required ratio:    0.00 (Cumulative side area) 

    Layer: Via2
      Partial area ratio:    0.40
      Required ratio:   20.00 (Gate area) 
      Cumulative area ratio:    0.60
      Required ratio:    0.00 (Cumulative area) 

    Layer: Metal3
      Partial area ratio:    0.66
      Required ratio:    0.00 (Gate area) 
      Cumulative area ratio:    5.23
      Required ratio:  200.00 (Cumulative area) 
      Partial area ratio:    4.93
      Required ratio:    0.00 (Side area) 
      Cumulative area ratio:   26.44
      Required ratio:    0.00 (Cumulative side area) 

    Layer: Via3
      Partial area ratio:    0.20
      Required ratio:   20.00 (Gate area) 
      Cumulative area ratio:    0.80
      Required ratio:    0.00 (Cumulative area) 

    Layer: Metal4
      Partial area ratio:    0.34
      Required ratio:    0.00 (Gate area) 
      Cumulative area ratio:    5.56
      Required ratio:  200.00 (Cumulative area) 
      Partial area ratio:    2.49
      Required ratio:    0.00 (Side area) 
      Cumulative area ratio:   28.93
      Required ratio:    0.00 (Cumulative side area) 

    Layer: Via4
      Partial area ratio:    0.20
      Required ratio:   20.00 (Gate area) 
      Cumulative area ratio:    1.00
      Required ratio:    0.00 (Cumulative area) 

    Layer: Metal5
      Partial area ratio:   28.00
      Required ratio:    0.00 (Gate area) 
      Cumulative area ratio:   33.56
      Required ratio: 14172.00 (Cumulative area) 
      Partial area ratio:  126.33
      Required ratio:    0.00 (Side area) 
      Cumulative area ratio:  155.25
      Required ratio:    0.00 (Cumulative side area) 


  Pin:   fanout113/A (sg13g2_buf_1)
    Layer: Via1
      Partial area ratio:    0.20
      Required ratio:   20.00 (Gate area) 
      Cumulative area ratio:    0.20
      Required ratio:    0.00 (Cumulative area) 

    Layer: Metal2
      Partial area ratio:    1.51
      Required ratio:    0.00 (Gate area) 
      Cumulative area ratio:    1.51
      Required ratio:  200.00 (Cumulative area) 
      Partial area ratio:    7.76
      Required ratio:    0.00 (Side area) 
      Cumulative area ratio:    7.76
      Required ratio:    0.00 (Cumulative side area) 

    Layer: Via2
      Partial area ratio:    0.40
      Required ratio:   20.00 (Gate area) 
      Cumulative area ratio:    0.60
      Required ratio:    0.00 (Cumulative area) 

    Layer: Metal3
      Partial area ratio:    0.66
      Required ratio:    0.00 (Gate area) 
      Cumulative area ratio:    2.17
      Required ratio:  200.00 (Cumulative area) 
      Partial area ratio:    4.93
      Required ratio:    0.00 (Side area) 
      Cumulative area ratio:   12.69
      Required ratio:    0.00 (Cumulative side area) 

    Layer: Via3
      Partial area ratio:    0.20
      Required ratio:   20.00 (Gate area) 
      Cumulative area ratio:    0.80
      Required ratio:    0.00 (Cumulative area) 

    Layer: Metal4
      Partial area ratio:   71.94
      Required ratio:    0.00 (Gate area) 
      Cumulative area ratio:   74.11
      Required ratio: 14172.00 (Cumulative area) 
      Partial area ratio:  324.20
      Required ratio:    0.00 (Side area) 
      Cumulative area ratio:  336.89
      Required ratio:    0.00 (Cumulative side area) 

    Layer: Via4
      Partial area ratio:    0.10
      Required ratio:  354.30 (Gate area) 
      Cumulative area ratio:    0.90
      Required ratio:    0.00 (Cumulative area) 

    Layer: Metal5
      Partial area ratio:   28.00
      Required ratio:    0.00 (Gate area) 
      Cumulative area ratio:  102.11
      Required ratio: 14172.00 (Cumulative area) 
      Partial area ratio:  126.33
      Required ratio:    0.00 (Side area) 
      Cumulative area ratio:  463.22
      Required ratio:    0.00 (Cumulative side area) 


  Pin:   fanout118/A (sg13g2_buf_1)
    Layer: Via1
      Partial area ratio:    0.20
      Required ratio:   20.00 (Gate area) 
      Cumulative area ratio:    0.20
      Required ratio:    0.00 (Cumulative area) 

    Layer: Metal2
      Partial area ratio:    5.35
      Required ratio:    0.00 (Gate area) 
      Cumulative area ratio:    5.35
      Required ratio:  200.00 (Cumulative area) 
      Partial area ratio:   25.04
      Required ratio:    0.00 (Side area) 
      Cumulative area ratio:   25.04
      Required ratio:    0.00 (Cumulative side area) 

    Layer: Via2
      Partial area ratio:    0.40
      Required ratio:   20.00 (Gate area) 
      Cumulative area ratio:    0.60
      Required ratio:    0.00 (Cumulative area) 

    Layer: Metal3
      Partial area ratio:  117.64
      Required ratio:    0.00 (Gate area) 
      Cumulative area ratio:  122.99
      Required ratio: 14172.00 (Cumulative area) 
      Partial area ratio:  531.68
      Required ratio:    0.00 (Side area) 
      Cumulative area ratio:  556.72
      Required ratio:    0.00 (Cumulative side area) 

    Layer: Via3
      Partial area ratio:    0.13
      Required ratio:  354.30 (Gate area) 
      Cumulative area ratio:    0.73
      Required ratio:    0.00 (Cumulative area) 

    Layer: Metal4
      Partial area ratio:   71.94
      Required ratio:    0.00 (Gate area) 
      Cumulative area ratio:  194.93
      Required ratio: 14172.00 (Cumulative area) 
      Partial area ratio:  324.20
      Required ratio:    0.00 (Side area) 
      Cumulative area ratio:  880.93
      Required ratio:    0.00 (Cumulative side area) 

    Layer: Via4
      Partial area ratio:    0.10
      Required ratio:  354.30 (Gate area) 
      Cumulative area ratio:    0.83
      Required ratio:    0.00 (Cumulative area) 

    Layer: Metal5
      Partial area ratio:   28.00
      Required ratio:    0.00 (Gate area) 
      Cumulative area ratio:  222.93
      Required ratio: 14172.00 (Cumulative area) 
      Partial area ratio:  126.33
      Required ratio:    0.00 (Side area) 
      Cumulative area ratio: 1007.25
      Required ratio:    0.00 (Cumulative side area) 


  Pin:   fanout121/A (sg13g2_buf_1)
    Layer: Via1
      Partial area ratio:    0.20
      Required ratio:   20.00 (Gate area) 
      Cumulative area ratio:    0.20
      Required ratio:    0.00 (Cumulative area) 

    Layer: Metal2
      Partial area ratio:  114.93
      Required ratio:    0.00 (Gate area) 
      Cumulative area ratio:  114.93
      Required ratio:  200.00 (Cumulative area) 
      Partial area ratio:  518.13
      Required ratio:    0.00 (Side area) 
      Cumulative area ratio:  518.13
      Required ratio:    0.00 (Cumulative side area) 

    Layer: Via2
      Partial area ratio:    0.40
      Required ratio:   20.00 (Gate area) 
      Cumulative area ratio:    0.60
      Required ratio:    0.00 (Cumulative area) 

    Layer: Metal3
      Partial area ratio:   24.57
      Required ratio:    0.00 (Gate area) 
      Cumulative area ratio:  139.49
      Required ratio:  200.00 (Cumulative area) 
      Partial area ratio:  112.51
      Required ratio:    0.00 (Side area) 
      Cumulative area ratio:  630.64
      Required ratio:    0.00 (Cumulative side area) 

    Layer: Via3
      Partial area ratio:    0.20
      Required ratio:   20.00 (Gate area) 
      Cumulative area ratio:    0.80
      Required ratio:    0.00 (Cumulative area) 

    Layer: Metal4
      Partial area ratio:  175.75
      Required ratio:    0.00 (Gate area) 
      Cumulative area ratio:  315.24
      Required ratio:  200.00 (Cumulative area) (VIOLATED)
      Partial area ratio:  791.85
      Required ratio:    0.00 (Side area) 
      Cumulative area ratio: 1422.48
      Required ratio:    0.00 (Cumulative side area) 

    Layer: Via4
      Partial area ratio:    0.20
      Required ratio:   20.00 (Gate area) 
      Cumulative area ratio:    1.00
      Required ratio:    0.00 (Cumulative area) 

    Layer: Metal5
      Partial area ratio:   28.00
      Required ratio:    0.00 (Gate area) 
      Cumulative area ratio:  343.24
      Required ratio: 14172.00 (Cumulative area) 
      Partial area ratio:  126.33
      Required ratio:    0.00 (Side area) 
      Cumulative area ratio: 1548.81
      Required ratio:    0.00 (Cumulative side area) 


  Pin:   fanout123/A (sg13g2_buf_1)
    Layer: Via1
      Partial area ratio:    0.20
      Required ratio:   20.00 (Gate area) 
      Cumulative area ratio:    0.20
      Required ratio:    0.00 (Cumulative area) 

    Layer: Metal2
      Partial area ratio:   12.41
      Required ratio:    0.00 (Gate area) 
      Cumulative area ratio:   12.41
      Required ratio: 14172.00 (Cumulative area) 
      Partial area ratio:   56.77
      Required ratio:    0.00 (Side area) 
      Cumulative area ratio:   56.77
      Required ratio:    0.00 (Cumulative side area) 

    Layer: Via2
      Partial area ratio:    0.80
      Required ratio:  354.30 (Gate area) 
      Cumulative area ratio:    1.00
      Required ratio:    0.00 (Cumulative area) 

    Layer: Metal3
      Partial area ratio:  117.64
      Required ratio:    0.00 (Gate area) 
      Cumulative area ratio:  130.05
      Required ratio: 14172.00 (Cumulative area) 
      Partial area ratio:  531.68
      Required ratio:    0.00 (Side area) 
      Cumulative area ratio:  588.45
      Required ratio:    0.00 (Cumulative side area) 

    Layer: Via3
      Partial area ratio:    0.13
      Required ratio:  354.30 (Gate area) 
      Cumulative area ratio:    1.13
      Required ratio:    0.00 (Cumulative area) 

    Layer: Metal4
      Partial area ratio:   71.94
      Required ratio:    0.00 (Gate area) 
      Cumulative area ratio:  201.99
      Required ratio: 14172.00 (Cumulative area) 
      Partial area ratio:  324.20
      Required ratio:    0.00 (Side area) 
      Cumulative area ratio:  912.65
      Required ratio:    0.00 (Cumulative side area) 

    Layer: Via4
      Partial area ratio:    0.10
      Required ratio:  354.30 (Gate area) 
      Cumulative area ratio:    1.23
      Required ratio:    0.00 (Cumulative area) 

    Layer: Metal5
      Partial area ratio:   28.00
      Required ratio:    0.00 (Gate area) 
      Cumulative area ratio:  229.99
      Required ratio: 14172.00 (Cumulative area) 
      Partial area ratio:  126.33
      Required ratio:    0.00 (Side area) 
      Cumulative area ratio: 1038.98
      Required ratio:    0.00 (Cumulative side area) 


  Pin:   fanout126/A (sg13g2_buf_1)
    Layer: Via1
      Partial area ratio:    0.20
      Required ratio:   20.00 (Gate area) 
      Cumulative area ratio:    0.20
      Required ratio:    0.00 (Cumulative area) 

    Layer: Metal2
      Partial area ratio:    3.10
      Required ratio:    0.00 (Gate area) 
      Cumulative area ratio:    3.10
      Required ratio:  200.00 (Cumulative area) 
      Partial area ratio:   14.88
      Required ratio:    0.00 (Side area) 
      Cumulative area ratio:   14.88
      Required ratio:    0.00 (Cumulative side area) 

    Layer: Via2
      Partial area ratio:    0.40
      Required ratio:   20.00 (Gate area) 
      Cumulative area ratio:    0.60
      Required ratio:    0.00 (Cumulative area) 

    Layer: Metal3
      Partial area ratio:  117.64
      Required ratio:    0.00 (Gate area) 
      Cumulative area ratio:  120.73
      Required ratio: 14172.00 (Cumulative area) 
      Partial area ratio:  531.68
      Required ratio:    0.00 (Side area) 
      Cumulative area ratio:  546.56
      Required ratio:    0.00 (Cumulative side area) 

    Layer: Via3
      Partial area ratio:    0.13
      Required ratio:  354.30 (Gate area) 
      Cumulative area ratio:    0.73
      Required ratio:    0.00 (Cumulative area) 

    Layer: Metal4
      Partial area ratio:   71.94
      Required ratio:    0.00 (Gate area) 
      Cumulative area ratio:  192.67
      Required ratio: 14172.00 (Cumulative area) 
      Partial area ratio:  324.20
      Required ratio:    0.00 (Side area) 
      Cumulative area ratio:  870.77
      Required ratio:    0.00 (Cumulative side area) 

    Layer: Via4
      Partial area ratio:    0.10
      Required ratio:  354.30 (Gate area) 
      Cumulative area ratio:    0.83
      Required ratio:    0.00 (Cumulative area) 

    Layer: Metal5
      Partial area ratio:   28.00
      Required ratio:    0.00 (Gate area) 
      Cumulative area ratio:  220.67
      Required ratio: 14172.00 (Cumulative area) 
      Partial area ratio:  126.33
      Required ratio:    0.00 (Side area) 
      Cumulative area ratio:  997.09
      Required ratio:    0.00 (Cumulative side area) 



Net: net144
  Pin:   fanout140/A (sg13g2_buf_1)
    Layer: Via1
      Partial area ratio:    0.20
      Required ratio:   20.00 (Gate area) 
      Cumulative area ratio:    0.20
      Required ratio:    0.00 (Cumulative area) 

    Layer: Metal2
      Partial area ratio:    5.89
      Required ratio:    0.00 (Gate area) 
      Cumulative area ratio:    5.89
      Required ratio:  200.00 (Cumulative area) 
      Partial area ratio:   27.45
      Required ratio:    0.00 (Side area) 
      Cumulative area ratio:   27.45
      Required ratio:    0.00 (Cumulative side area) 

    Layer: Via2
      Partial area ratio:    0.40
      Required ratio:   20.00 (Gate area) 
      Cumulative area ratio:    0.60
      Required ratio:    0.00 (Cumulative area) 

    Layer: Metal3
      Partial area ratio:   84.16
      Required ratio:    0.00 (Gate area) 
      Cumulative area ratio:   90.05
      Required ratio:  200.00 (Cumulative area) 
      Partial area ratio:  380.22
      Required ratio:    0.00 (Side area) 
      Cumulative area ratio:  407.67
      Required ratio:    0.00 (Cumulative side area) 

    Layer: Via3
      Partial area ratio:    0.10
      Required ratio:   20.00 (Gate area) 
      Cumulative area ratio:    0.70
      Required ratio:    0.00 (Cumulative area) 

    Layer: Metal4
      Partial area ratio:  167.56
      Required ratio:    0.00 (Gate area) 
      Cumulative area ratio:  257.62
      Required ratio:  200.00 (Cumulative area) (VIOLATED)
      Partial area ratio:  754.53
      Required ratio:    0.00 (Side area) 
      Cumulative area ratio: 1162.20
      Required ratio:    0.00 (Cumulative side area) 

    Layer: Via4
      Partial area ratio:    0.10
      Required ratio:   20.00 (Gate area) 
      Cumulative area ratio:    0.80
      Required ratio:    0.00 (Cumulative area) 

    Layer: Metal5
      Partial area ratio:   31.96
      Required ratio:    0.00 (Gate area) 
      Cumulative area ratio:  289.57
      Required ratio: 14172.00 (Cumulative area) 
      Partial area ratio:  144.05
      Required ratio:    0.00 (Side area) 
      Cumulative area ratio: 1306.26
      Required ratio:    0.00 (Cumulative side area) 


  Pin:   fanout141/A (sg13g2_buf_1)
    Layer: Via1
      Partial area ratio:    0.20
      Required ratio:   20.00 (Gate area) 
      Cumulative area ratio:    0.20
      Required ratio:    0.00 (Cumulative area) 

    Layer: Metal2
      Partial area ratio:    9.20
      Required ratio:    0.00 (Gate area) 
      Cumulative area ratio:    9.20
      Required ratio:  200.00 (Cumulative area) 
      Partial area ratio:   42.35
      Required ratio:    0.00 (Side area) 
      Cumulative area ratio:   42.35
      Required ratio:    0.00 (Cumulative side area) 

    Layer: Via2
      Partial area ratio:    0.40
      Required ratio:   20.00 (Gate area) 
      Cumulative area ratio:    0.60
      Required ratio:    0.00 (Cumulative area) 

    Layer: Metal3
      Partial area ratio:   84.16
      Required ratio:    0.00 (Gate area) 
      Cumulative area ratio:   93.36
      Required ratio:  200.00 (Cumulative area) 
      Partial area ratio:  380.22
      Required ratio:    0.00 (Side area) 
      Cumulative area ratio:  422.57
      Required ratio:    0.00 (Cumulative side area) 

    Layer: Via3
      Partial area ratio:    0.10
      Required ratio:   20.00 (Gate area) 
      Cumulative area ratio:    0.70
      Required ratio:    0.00 (Cumulative area) 

    Layer: Metal4
      Partial area ratio:  167.56
      Required ratio:    0.00 (Gate area) 
      Cumulative area ratio:  260.93
      Required ratio:  200.00 (Cumulative area) (VIOLATED)
      Partial area ratio:  754.53
      Required ratio:    0.00 (Side area) 
      Cumulative area ratio: 1177.10
      Required ratio:    0.00 (Cumulative side area) 

    Layer: Via4
      Partial area ratio:    0.10
      Required ratio:   20.00 (Gate area) 
      Cumulative area ratio:    0.80
      Required ratio:    0.00 (Cumulative area) 

    Layer: Metal5
      Partial area ratio:   31.96
      Required ratio:    0.00 (Gate area) 
      Cumulative area ratio:  292.88
      Required ratio: 14172.00 (Cumulative area) 
      Partial area ratio:  144.05
      Required ratio:    0.00 (Side area) 
      Cumulative area ratio: 1321.15
      Required ratio:    0.00 (Cumulative side area) 


  Pin:   fanout142/A (sg13g2_buf_1)
    Layer: Via1
      Partial area ratio:    0.20
      Required ratio:   20.00 (Gate area) 
      Cumulative area ratio:    0.20
      Required ratio:    0.00 (Cumulative area) 

    Layer: Metal2
      Partial area ratio:    7.78
      Required ratio:    0.00 (Gate area) 
      Cumulative area ratio:    7.78
      Required ratio: 14172.00 (Cumulative area) 
      Partial area ratio:   35.92
      Required ratio:    0.00 (Side area) 
      Cumulative area ratio:   35.92
      Required ratio:    0.00 (Cumulative side area) 

    Layer: Via2
      Partial area ratio:    0.60
      Required ratio:  354.30 (Gate area) 
      Cumulative area ratio:    0.80
      Required ratio:    0.00 (Cumulative area) 

    Layer: Metal3
      Partial area ratio:    0.98
      Required ratio:    0.00 (Gate area) 
      Cumulative area ratio:    8.75
      Required ratio: 14172.00 (Cumulative area) 
      Partial area ratio:    7.37
      Required ratio:    0.00 (Side area) 
      Cumulative area ratio:   43.29
      Required ratio:    0.00 (Cumulative side area) 

    Layer: Via3
      Partial area ratio:    0.20
      Required ratio:  354.30 (Gate area) 
      Cumulative area ratio:    1.00
      Required ratio:    0.00 (Cumulative area) 

    Layer: Metal4
      Partial area ratio:    0.34
      Required ratio:    0.00 (Gate area) 
      Cumulative area ratio:    9.09
      Required ratio: 14172.00 (Cumulative area) 
      Partial area ratio:    2.49
      Required ratio:    0.00 (Side area) 
      Cumulative area ratio:   45.78
      Required ratio:    0.00 (Cumulative side area) 

    Layer: Via4
      Partial area ratio:    0.20
      Required ratio:  354.30 (Gate area) 
      Cumulative area ratio:    1.20
      Required ratio:    0.00 (Cumulative area) 

    Layer: Metal5
      Partial area ratio:   31.96
      Required ratio:    0.00 (Gate area) 
      Cumulative area ratio:   41.05
      Required ratio: 14172.00 (Cumulative area) 
      Partial area ratio:  144.05
      Required ratio:    0.00 (Side area) 
      Cumulative area ratio:  189.83
      Required ratio:    0.00 (Cumulative side area) 


  Pin:   fanout143/A (sg13g2_buf_1)
    Layer: Via1
      Partial area ratio:    0.20
      Required ratio:   20.00 (Gate area) 
      Cumulative area ratio:    0.20
      Required ratio:    0.00 (Cumulative area) 

    Layer: Metal2
      Partial area ratio:    1.24
      Required ratio:    0.00 (Gate area) 
      Cumulative area ratio:    1.24
      Required ratio:  200.00 (Cumulative area) 
      Partial area ratio:    6.51
      Required ratio:    0.00 (Side area) 
      Cumulative area ratio:    6.51
      Required ratio:    0.00 (Cumulative side area) 

    Layer: Via2
      Partial area ratio:    0.40
      Required ratio:   20.00 (Gate area) 
      Cumulative area ratio:    0.60
      Required ratio:    0.00 (Cumulative area) 

    Layer: Metal3
      Partial area ratio:   16.60
      Required ratio:    0.00 (Gate area) 
      Cumulative area ratio:   17.83
      Required ratio:  200.00 (Cumulative area) 
      Partial area ratio:   76.65
      Required ratio:    0.00 (Side area) 
      Cumulative area ratio:   83.16
      Required ratio:    0.00 (Cumulative side area) 

    Layer: Via3
      Partial area ratio:    0.20
      Required ratio:   20.00 (Gate area) 
      Cumulative area ratio:    0.80
      Required ratio:    0.00 (Cumulative area) 

    Layer: Metal4
      Partial area ratio:   40.28
      Required ratio:    0.00 (Gate area) 
      Cumulative area ratio:   58.11
      Required ratio:  200.00 (Cumulative area) 
      Partial area ratio:  182.22
      Required ratio:    0.00 (Side area) 
      Cumulative area ratio:  265.38
      Required ratio:    0.00 (Cumulative side area) 

    Layer: Via4
      Partial area ratio:    0.20
      Required ratio:   20.00 (Gate area) 
      Cumulative area ratio:    1.00
      Required ratio:    0.00 (Cumulative area) 

    Layer: Metal5
      Partial area ratio:   31.96
      Required ratio:    0.00 (Gate area) 
      Cumulative area ratio:   90.06
      Required ratio: 14172.00 (Cumulative area) 
      Partial area ratio:  144.05
      Required ratio:    0.00 (Side area) 
      Cumulative area ratio:  409.43
      Required ratio:    0.00 (Cumulative side area) 



Net: net171
  Pin:   fanout167/A (sg13g2_buf_1)
    Layer: Via1
      Partial area ratio:    0.20
      Required ratio:   20.00 (Gate area) 
      Cumulative area ratio:    0.20
      Required ratio:    0.00 (Cumulative area) 

    Layer: Metal2
      Partial area ratio:   14.13
      Required ratio:    0.00 (Gate area) 
      Cumulative area ratio:   14.13
      Required ratio:  200.00 (Cumulative area) 
      Partial area ratio:   64.54
      Required ratio:    0.00 (Side area) 
      Cumulative area ratio:   64.54
      Required ratio:    0.00 (Cumulative side area) 

    Layer: Via2
      Partial area ratio:    0.40
      Required ratio:   20.00 (Gate area) 
      Cumulative area ratio:    0.60
      Required ratio:    0.00 (Cumulative area) 

    Layer: Metal3
      Partial area ratio:  199.88
      Required ratio:    0.00 (Gate area) 
      Cumulative area ratio:  214.01
      Required ratio:  200.00 (Cumulative area) (VIOLATED)
      Partial area ratio:  901.44
      Required ratio:    0.00 (Side area) 
      Cumulative area ratio:  965.98
      Required ratio:    0.00 (Cumulative side area) 

    Layer: Via3
      Partial area ratio:    0.20
      Required ratio:   20.00 (Gate area) 
      Cumulative area ratio:    0.80
      Required ratio:    0.00 (Cumulative area) 

    Layer: Metal4
      Partial area ratio:    8.40
      Required ratio:    0.00 (Gate area) 
      Cumulative area ratio:  222.41
      Required ratio:  200.00 (Cumulative area) (VIOLATED)
      Partial area ratio:   38.77
      Required ratio:    0.00 (Side area) 
      Cumulative area ratio: 1004.76
      Required ratio:    0.00 (Cumulative side area) 

    Layer: Via4
      Partial area ratio:    0.20
      Required ratio:   20.00 (Gate area) 
      Cumulative area ratio:    1.00
      Required ratio:    0.00 (Cumulative area) 

    Layer: Metal5
      Partial area ratio:    4.06
      Required ratio:    0.00 (Gate area) 
      Cumulative area ratio:  226.48
      Required ratio: 14172.00 (Cumulative area) 
      Partial area ratio:   18.54
      Required ratio:    0.00 (Side area) 
      Cumulative area ratio: 1023.30
      Required ratio:    0.00 (Cumulative side area) 


  Pin:   fanout168/A (sg13g2_buf_1)
    Layer: Via1
      Partial area ratio:    0.20
      Required ratio:   20.00 (Gate area) 
      Cumulative area ratio:    0.20
      Required ratio:    0.00 (Cumulative area) 

    Layer: Metal2
      Partial area ratio:    4.57
      Required ratio:    0.00 (Gate area) 
      Cumulative area ratio:    4.57
      Required ratio:  200.00 (Cumulative area) 
      Partial area ratio:   21.51
      Required ratio:    0.00 (Side area) 
      Cumulative area ratio:   21.51
      Required ratio:    0.00 (Cumulative side area) 

    Layer: Via2
      Partial area ratio:    0.40
      Required ratio:   20.00 (Gate area) 
      Cumulative area ratio:    0.60
      Required ratio:    0.00 (Cumulative area) 

    Layer: Metal3
      Partial area ratio:    0.66
      Required ratio:    0.00 (Gate area) 
      Cumulative area ratio:    5.23
      Required ratio:  200.00 (Cumulative area) 
      Partial area ratio:    4.93
      Required ratio:    0.00 (Side area) 
      Cumulative area ratio:   26.44
      Required ratio:    0.00 (Cumulative side area) 

    Layer: Via3
      Partial area ratio:    0.20
      Required ratio:   20.00 (Gate area) 
      Cumulative area ratio:    0.80
      Required ratio:    0.00 (Cumulative area) 

    Layer: Metal4
      Partial area ratio:   63.90
      Required ratio:    0.00 (Gate area) 
      Cumulative area ratio:   69.12
      Required ratio: 14172.00 (Cumulative area) 
      Partial area ratio:  287.86
      Required ratio:    0.00 (Side area) 
      Cumulative area ratio:  314.29
      Required ratio:    0.00 (Cumulative side area) 

    Layer: Via4
      Partial area ratio:    0.07
      Required ratio:  354.30 (Gate area) 
      Cumulative area ratio:    0.87
      Required ratio:    0.00 (Cumulative area) 

    Layer: Metal5
      Partial area ratio:    4.06
      Required ratio:    0.00 (Gate area) 
      Cumulative area ratio:   73.19
      Required ratio: 14172.00 (Cumulative area) 
      Partial area ratio:   18.54
      Required ratio:    0.00 (Side area) 
      Cumulative area ratio:  332.83
      Required ratio:    0.00 (Cumulative side area) 


  Pin:   fanout169/A (sg13g2_buf_1)
    Layer: Via1
      Partial area ratio:    0.20
      Required ratio:   20.00 (Gate area) 
      Cumulative area ratio:    0.20
      Required ratio:    0.00 (Cumulative area) 

    Layer: Metal2
      Partial area ratio:   14.12
      Required ratio:    0.00 (Gate area) 
      Cumulative area ratio:   14.12
      Required ratio:  200.00 (Cumulative area) 
      Partial area ratio:   64.51
      Required ratio:    0.00 (Side area) 
      Cumulative area ratio:   64.51
      Required ratio:    0.00 (Cumulative side area) 

    Layer: Via2
      Partial area ratio:    0.40
      Required ratio:   20.00 (Gate area) 
      Cumulative area ratio:    0.60
      Required ratio:    0.00 (Cumulative area) 

    Layer: Metal3
      Partial area ratio:  104.57
      Required ratio:    0.00 (Gate area) 
      Cumulative area ratio:  118.69
      Required ratio: 14172.00 (Cumulative area) 
      Partial area ratio:  473.53
      Required ratio:    0.00 (Side area) 
      Cumulative area ratio:  538.04
      Required ratio:    0.00 (Cumulative side area) 

    Layer: Via3
      Partial area ratio:    0.10
      Required ratio:  354.30 (Gate area) 
      Cumulative area ratio:    0.70
      Required ratio:    0.00 (Cumulative area) 

    Layer: Metal4
      Partial area ratio:   63.90
      Required ratio:    0.00 (Gate area) 
      Cumulative area ratio:  182.59
      Required ratio: 14172.00 (Cumulative area) 
      Partial area ratio:  287.86
      Required ratio:    0.00 (Side area) 
      Cumulative area ratio:  825.90
      Required ratio:    0.00 (Cumulative side area) 

    Layer: Via4
      Partial area ratio:    0.07
      Required ratio:  354.30 (Gate area) 
      Cumulative area ratio:    0.77
      Required ratio:    0.00 (Cumulative area) 

    Layer: Metal5
      Partial area ratio:    4.06
      Required ratio:    0.00 (Gate area) 
      Cumulative area ratio:  186.65
      Required ratio: 14172.00 (Cumulative area) 
      Partial area ratio:   18.54
      Required ratio:    0.00 (Side area) 
      Cumulative area ratio:  844.44
      Required ratio:    0.00 (Cumulative side area) 


  Pin:   fanout170/A (sg13g2_buf_1)
    Layer: Via1
      Partial area ratio:    0.20
      Required ratio:   20.00 (Gate area) 
      Cumulative area ratio:    0.20
      Required ratio:    0.00 (Cumulative area) 

    Layer: Metal2
      Partial area ratio:   16.40
      Required ratio:    0.00 (Gate area) 
      Cumulative area ratio:   16.40
      Required ratio: 14172.00 (Cumulative area) 
      Partial area ratio:   74.72
      Required ratio:    0.00 (Side area) 
      Cumulative area ratio:   74.72
      Required ratio:    0.00 (Cumulative side area) 

    Layer: Via2
      Partial area ratio:    0.80
      Required ratio:  354.30 (Gate area) 
      Cumulative area ratio:    1.00
      Required ratio:    0.00 (Cumulative area) 

    Layer: Metal3
      Partial area ratio:  104.57
      Required ratio:    0.00 (Gate area) 
      Cumulative area ratio:  120.97
      Required ratio: 14172.00 (Cumulative area) 
      Partial area ratio:  473.53
      Required ratio:    0.00 (Side area) 
      Cumulative area ratio:  548.25
      Required ratio:    0.00 (Cumulative side area) 

    Layer: Via3
      Partial area ratio:    0.10
      Required ratio:  354.30 (Gate area) 
      Cumulative area ratio:    1.10
      Required ratio:    0.00 (Cumulative area) 

    Layer: Metal4
      Partial area ratio:   63.90
      Required ratio:    0.00 (Gate area) 
      Cumulative area ratio:  184.87
      Required ratio: 14172.00 (Cumulative area) 
      Partial area ratio:  287.86
      Required ratio:    0.00 (Side area) 
      Cumulative area ratio:  836.11
      Required ratio:    0.00 (Cumulative side area) 

    Layer: Via4
      Partial area ratio:    0.07
      Required ratio:  354.30 (Gate area) 
      Cumulative area ratio:    1.17
      Required ratio:    0.00 (Cumulative area) 

    Layer: Metal5
      Partial area ratio:    4.06
      Required ratio:    0.00 (Gate area) 
      Cumulative area ratio:  188.93
      Required ratio: 14172.00 (Cumulative area) 
      Partial area ratio:   18.54
      Required ratio:    0.00 (Side area) 
      Cumulative area ratio:  854.65
      Required ratio:    0.00 (Cumulative side area) 



Net: net264
  Pin:   fanout250/A (sg13g2_buf_1)
    Layer: Via1
      Partial area ratio:    0.20
      Required ratio:   20.00 (Gate area) 
      Cumulative area ratio:    0.20
      Required ratio:    0.00 (Cumulative area) 

    Layer: Metal2
      Partial area ratio:    5.75
      Required ratio:    0.00 (Gate area) 
      Cumulative area ratio:    5.75
      Required ratio:  200.00 (Cumulative area) 
      Partial area ratio:   26.84
      Required ratio:    0.00 (Side area) 
      Cumulative area ratio:   26.84
      Required ratio:    0.00 (Cumulative side area) 

    Layer: Via2
      Partial area ratio:    0.40
      Required ratio:   20.00 (Gate area) 
      Cumulative area ratio:    0.60
      Required ratio:    0.00 (Cumulative area) 

    Layer: Metal3
      Partial area ratio:   48.49
      Required ratio:    0.00 (Gate area) 
      Cumulative area ratio:   54.24
      Required ratio:  200.00 (Cumulative area) 
      Partial area ratio:  220.14
      Required ratio:    0.00 (Side area) 
      Cumulative area ratio:  246.98
      Required ratio:    0.00 (Cumulative side area) 

    Layer: Via3
      Partial area ratio:    0.40
      Required ratio:   20.00 (Gate area) 
      Cumulative area ratio:    1.00
      Required ratio:    0.00 (Cumulative area) 

    Layer: Metal4
      Partial area ratio:  159.81
      Required ratio:    0.00 (Gate area) 
      Cumulative area ratio:  214.05
      Required ratio: 14172.00 (Cumulative area) 
      Partial area ratio:  720.11
      Required ratio:    0.00 (Side area) 
      Cumulative area ratio:  967.09
      Required ratio:    0.00 (Cumulative side area) 

    Layer: Via4
      Partial area ratio:    0.10
      Required ratio:  354.30 (Gate area) 
      Cumulative area ratio:    1.10
      Required ratio:    0.00 (Cumulative area) 

    Layer: Metal5
      Partial area ratio:   51.88
      Required ratio:    0.00 (Gate area) 
      Cumulative area ratio:  265.93
      Required ratio: 14172.00 (Cumulative area) 
      Partial area ratio:  233.70
      Required ratio:    0.00 (Side area) 
      Cumulative area ratio: 1200.80
      Required ratio:    0.00 (Cumulative side area) 


  Pin:   fanout251/A (sg13g2_buf_1)
    Layer: Via1
      Partial area ratio:    0.20
      Required ratio:   20.00 (Gate area) 
      Cumulative area ratio:    0.20
      Required ratio:    0.00 (Cumulative area) 

    Layer: Metal2
      Partial area ratio:    3.76
      Required ratio:    0.00 (Gate area) 
      Cumulative area ratio:    3.76
      Required ratio:  200.00 (Cumulative area) 
      Partial area ratio:   17.87
      Required ratio:    0.00 (Side area) 
      Cumulative area ratio:   17.87
      Required ratio:    0.00 (Cumulative side area) 

    Layer: Via2
      Partial area ratio:    0.40
      Required ratio:   20.00 (Gate area) 
      Cumulative area ratio:    0.60
      Required ratio:    0.00 (Cumulative area) 

    Layer: Metal3
      Partial area ratio:    0.66
      Required ratio:    0.00 (Gate area) 
      Cumulative area ratio:    4.42
      Required ratio:  200.00 (Cumulative area) 
      Partial area ratio:    4.93
      Required ratio:    0.00 (Side area) 
      Cumulative area ratio:   22.80
      Required ratio:    0.00 (Cumulative side area) 

    Layer: Via3
      Partial area ratio:    0.20
      Required ratio:   20.00 (Gate area) 
      Cumulative area ratio:    0.80
      Required ratio:    0.00 (Cumulative area) 

    Layer: Metal4
      Partial area ratio:  151.68
      Required ratio:    0.00 (Gate area) 
      Cumulative area ratio:  156.09
      Required ratio:  200.00 (Cumulative area) 
      Partial area ratio:  683.03
      Required ratio:    0.00 (Side area) 
      Cumulative area ratio:  705.83
      Required ratio:    0.00 (Cumulative side area) 

    Layer: Via4
      Partial area ratio:    0.10
      Required ratio:   20.00 (Gate area) 
      Cumulative area ratio:    0.90
      Required ratio:    0.00 (Cumulative area) 

    Layer: Metal5
      Partial area ratio:   51.88
      Required ratio:    0.00 (Gate area) 
      Cumulative area ratio:  207.97
      Required ratio: 14172.00 (Cumulative area) 
      Partial area ratio:  233.70
      Required ratio:    0.00 (Side area) 
      Cumulative area ratio:  939.54
      Required ratio:    0.00 (Cumulative side area) 


  Pin:   fanout252/A (sg13g2_buf_1)
    Layer: Via1
      Partial area ratio:    0.20
      Required ratio:   20.00 (Gate area) 
      Cumulative area ratio:    0.20
      Required ratio:    0.00 (Cumulative area) 

    Layer: Metal2
      Partial area ratio:    2.29
      Required ratio:    0.00 (Gate area) 
      Cumulative area ratio:    2.29
      Required ratio:  200.00 (Cumulative area) 
      Partial area ratio:   11.27
      Required ratio:    0.00 (Side area) 
      Cumulative area ratio:   11.27
      Required ratio:    0.00 (Cumulative side area) 

    Layer: Via2
      Partial area ratio:    0.40
      Required ratio:   20.00 (Gate area) 
      Cumulative area ratio:    0.60
      Required ratio:    0.00 (Cumulative area) 

    Layer: Metal3
      Partial area ratio:   56.44
      Required ratio:    0.00 (Gate area) 
      Cumulative area ratio:   58.73
      Required ratio:  200.00 (Cumulative area) 
      Partial area ratio:  255.95
      Required ratio:    0.00 (Side area) 
      Cumulative area ratio:  267.23
      Required ratio:    0.00 (Cumulative side area) 

    Layer: Via3
      Partial area ratio:    0.20
      Required ratio:   20.00 (Gate area) 
      Cumulative area ratio:    0.80
      Required ratio:    0.00 (Cumulative area) 

    Layer: Metal4
      Partial area ratio:  151.68
      Required ratio:    0.00 (Gate area) 
      Cumulative area ratio:  210.41
      Required ratio:  200.00 (Cumulative area) (VIOLATED)
      Partial area ratio:  683.03
      Required ratio:    0.00 (Side area) 
      Cumulative area ratio:  950.26
      Required ratio:    0.00 (Cumulative side area) 

    Layer: Via4
      Partial area ratio:    0.10
      Required ratio:   20.00 (Gate area) 
      Cumulative area ratio:    0.90
      Required ratio:    0.00 (Cumulative area) 

    Layer: Metal5
      Partial area ratio:   51.88
      Required ratio:    0.00 (Gate area) 
      Cumulative area ratio:  262.29
      Required ratio: 14172.00 (Cumulative area) 
      Partial area ratio:  233.70
      Required ratio:    0.00 (Side area) 
      Cumulative area ratio: 1183.96
      Required ratio:    0.00 (Cumulative side area) 


  Pin:   fanout263/A (sg13g2_buf_1)
    Layer: Via1
      Partial area ratio:    0.20
      Required ratio:   20.00 (Gate area) 
      Cumulative area ratio:    0.20
      Required ratio:    0.00 (Cumulative area) 

    Layer: Metal2
      Partial area ratio:   14.51
      Required ratio:    0.00 (Gate area) 
      Cumulative area ratio:   14.51
      Required ratio: 14172.00 (Cumulative area) 
      Partial area ratio:   65.70
      Required ratio:    0.00 (Side area) 
      Cumulative area ratio:   65.70
      Required ratio:    0.00 (Cumulative side area) 

    Layer: Via2
      Partial area ratio:    0.84
      Required ratio:  354.30 (Gate area) 
      Cumulative area ratio:    1.04
      Required ratio:    0.00 (Cumulative area) 

    Layer: Metal3
      Partial area ratio:    8.99
      Required ratio:    0.00 (Gate area) 
      Cumulative area ratio:   23.50
      Required ratio: 14172.00 (Cumulative area) 
      Partial area ratio:   41.91
      Required ratio:    0.00 (Side area) 
      Cumulative area ratio:  107.62
      Required ratio:    0.00 (Cumulative side area) 

    Layer: Via3
      Partial area ratio:    0.20
      Required ratio:  354.30 (Gate area) 
      Cumulative area ratio:    1.24
      Required ratio:    0.00 (Cumulative area) 

    Layer: Metal4
      Partial area ratio:  159.81
      Required ratio:    0.00 (Gate area) 
      Cumulative area ratio:  183.30
      Required ratio: 14172.00 (Cumulative area) 
      Partial area ratio:  720.11
      Required ratio:    0.00 (Side area) 
      Cumulative area ratio:  827.73
      Required ratio:    0.00 (Cumulative side area) 

    Layer: Via4
      Partial area ratio:    0.10
      Required ratio:  354.30 (Gate area) 
      Cumulative area ratio:    1.34
      Required ratio:    0.00 (Cumulative area) 

    Layer: Metal5
      Partial area ratio:   51.88
      Required ratio:    0.00 (Gate area) 
      Cumulative area ratio:  235.18
      Required ratio: 14172.00 (Cumulative area) 
      Partial area ratio:  233.70
      Required ratio:    0.00 (Side area) 
      Cumulative area ratio: 1061.43
      Required ratio:    0.00 (Cumulative side area) 



Net: net292
  Pin:   fanout288/A (sg13g2_buf_1)
    Layer: Via1
      Partial area ratio:    0.20
      Required ratio:   20.00 (Gate area) 
      Cumulative area ratio:    0.20
      Required ratio:    0.00 (Cumulative area) 

    Layer: Metal2
      Partial area ratio:    3.51
      Required ratio:    0.00 (Gate area) 
      Cumulative area ratio:    3.51
      Required ratio:  200.00 (Cumulative area) 
      Partial area ratio:   16.72
      Required ratio:    0.00 (Side area) 
      Cumulative area ratio:   16.72
      Required ratio:    0.00 (Cumulative side area) 

    Layer: Via2
      Partial area ratio:    0.40
      Required ratio:   20.00 (Gate area) 
      Cumulative area ratio:    0.60
      Required ratio:    0.00 (Cumulative area) 

    Layer: Metal3
      Partial area ratio:  271.60
      Required ratio:    0.00 (Gate area) 
      Cumulative area ratio:  275.11
      Required ratio:  200.00 (Cumulative area) (VIOLATED)
      Partial area ratio: 1224.19
      Required ratio:    0.00 (Side area) 
      Cumulative area ratio: 1240.91
      Required ratio:    0.00 (Cumulative side area) 

    Layer: Via3
      Partial area ratio:    0.20
      Required ratio:   20.00 (Gate area) 
      Cumulative area ratio:    0.80
      Required ratio:    0.00 (Cumulative area) 

    Layer: Metal4
      Partial area ratio:   32.06
      Required ratio:    0.00 (Gate area) 
      Cumulative area ratio:  307.17
      Required ratio: 14172.00 (Cumulative area) 
      Partial area ratio:  144.50
      Required ratio:    0.00 (Side area) 
      Cumulative area ratio: 1385.41
      Required ratio:    0.00 (Cumulative side area) 


  Pin:   fanout289/A (sg13g2_buf_1)
    Layer: Via1
      Partial area ratio:    0.20
      Required ratio:   20.00 (Gate area) 
      Cumulative area ratio:    0.20
      Required ratio:    0.00 (Cumulative area) 

    Layer: Metal2
      Partial area ratio:    3.63
      Required ratio:    0.00 (Gate area) 
      Cumulative area ratio:    3.63
      Required ratio:  200.00 (Cumulative area) 
      Partial area ratio:   17.27
      Required ratio:    0.00 (Side area) 
      Cumulative area ratio:   17.27
      Required ratio:    0.00 (Cumulative side area) 

    Layer: Via2
      Partial area ratio:    0.40
      Required ratio:   20.00 (Gate area) 
      Cumulative area ratio:    0.60
      Required ratio:    0.00 (Cumulative area) 

    Layer: Metal3
      Partial area ratio:    8.63
      Required ratio:    0.00 (Gate area) 
      Cumulative area ratio:   12.25
      Required ratio:  200.00 (Cumulative area) 
      Partial area ratio:   40.79
      Required ratio:    0.00 (Side area) 
      Cumulative area ratio:   58.06
      Required ratio:    0.00 (Cumulative side area) 

    Layer: Via3
      Partial area ratio:    0.20
      Required ratio:   20.00 (Gate area) 
      Cumulative area ratio:    0.80
      Required ratio:    0.00 (Cumulative area) 

    Layer: Metal4
      Partial area ratio:   32.06
      Required ratio:    0.00 (Gate area) 
      Cumulative area ratio:   44.31
      Required ratio: 14172.00 (Cumulative area) 
      Partial area ratio:  144.50
      Required ratio:    0.00 (Side area) 
      Cumulative area ratio:  202.56
      Required ratio:    0.00 (Cumulative side area) 


  Pin:   fanout290/A (sg13g2_buf_1)
    Layer: Via1
      Partial area ratio:    0.20
      Required ratio:   20.00 (Gate area) 
      Cumulative area ratio:    0.20
      Required ratio:    0.00 (Cumulative area) 

    Layer: Metal2
      Partial area ratio:   17.18
      Required ratio:    0.00 (Gate area) 
      Cumulative area ratio:   17.18
      Required ratio: 14172.00 (Cumulative area) 
      Partial area ratio:   78.24
      Required ratio:    0.00 (Side area) 
      Cumulative area ratio:   78.24
      Required ratio:    0.00 (Cumulative side area) 

    Layer: Via2
      Partial area ratio:    0.80
      Required ratio:  354.30 (Gate area) 
      Cumulative area ratio:    1.00
      Required ratio:    0.00 (Cumulative area) 

    Layer: Metal3
      Partial area ratio:    1.32
      Required ratio:    0.00 (Gate area) 
      Cumulative area ratio:   18.50
      Required ratio: 14172.00 (Cumulative area) 
      Partial area ratio:    9.86
      Required ratio:    0.00 (Side area) 
      Cumulative area ratio:   88.10
      Required ratio:    0.00 (Cumulative side area) 

    Layer: Via3
      Partial area ratio:    0.40
      Required ratio:  354.30 (Gate area) 
      Cumulative area ratio:    1.40
      Required ratio:    0.00 (Cumulative area) 

    Layer: Metal4
      Partial area ratio:   32.06
      Required ratio:    0.00 (Gate area) 
      Cumulative area ratio:   50.56
      Required ratio: 14172.00 (Cumulative area) 
      Partial area ratio:  144.50
      Required ratio:    0.00 (Side area) 
      Cumulative area ratio:  232.60
      Required ratio:    0.00 (Cumulative side area) 


  Pin:   fanout291/A (sg13g2_buf_1)
    Layer: Via1
      Partial area ratio:    0.20
      Required ratio:   20.00 (Gate area) 
      Cumulative area ratio:    0.20
      Required ratio:    0.00 (Cumulative area) 

    Layer: Metal2
      Partial area ratio:    4.97
      Required ratio:    0.00 (Gate area) 
      Cumulative area ratio:    4.97
      Required ratio:  200.00 (Cumulative area) 
      Partial area ratio:   23.29
      Required ratio:    0.00 (Side area) 
      Cumulative area ratio:   23.29
      Required ratio:    0.00 (Cumulative side area) 

    Layer: Via2
      Partial area ratio:    0.40
      Required ratio:   20.00 (Gate area) 
      Cumulative area ratio:    0.60
      Required ratio:    0.00 (Cumulative area) 

    Layer: Metal3
      Partial area ratio:    0.66
      Required ratio:    0.00 (Gate area) 
      Cumulative area ratio:    5.62
      Required ratio:  200.00 (Cumulative area) 
      Partial area ratio:    4.93
      Required ratio:    0.00 (Side area) 
      Cumulative area ratio:   28.23
      Required ratio:    0.00 (Cumulative side area) 

    Layer: Via3
      Partial area ratio:    0.20
      Required ratio:   20.00 (Gate area) 
      Cumulative area ratio:    0.80
      Required ratio:    0.00 (Cumulative area) 

    Layer: Metal4
      Partial area ratio:   32.06
      Required ratio:    0.00 (Gate area) 
      Cumulative area ratio:   37.68
      Required ratio: 14172.00 (Cumulative area) 
      Partial area ratio:  144.50
      Required ratio:    0.00 (Side area) 
      Cumulative area ratio:  172.73
      Required ratio:    0.00 (Cumulative side area) 



Net: net297
  Pin:   fanout293/A (sg13g2_buf_1)
    Layer: Via1
      Partial area ratio:    0.20
      Required ratio:   20.00 (Gate area) 
      Cumulative area ratio:    0.20
      Required ratio:    0.00 (Cumulative area) 

    Layer: Metal2
      Partial area ratio:  152.64
      Required ratio:    0.00 (Gate area) 
      Cumulative area ratio:  152.64
      Required ratio:  200.00 (Cumulative area) 
      Partial area ratio:  687.84
      Required ratio:    0.00 (Side area) 
      Cumulative area ratio:  687.84
      Required ratio:    0.00 (Cumulative side area) 

    Layer: Via2
      Partial area ratio:    0.40
      Required ratio:   20.00 (Gate area) 
      Cumulative area ratio:    0.60
      Required ratio:    0.00 (Cumulative area) 

    Layer: Metal3
      Partial area ratio:  116.20
      Required ratio:    0.00 (Gate area) 
      Cumulative area ratio:  268.84
      Required ratio:  200.00 (Cumulative area) (VIOLATED)
      Partial area ratio:  524.88
      Required ratio:    0.00 (Side area) 
      Cumulative area ratio: 1212.72
      Required ratio:    0.00 (Cumulative side area) 

    Layer: Via3
      Partial area ratio:    0.10
      Required ratio:   20.00 (Gate area) 
      Cumulative area ratio:    0.70
      Required ratio:    0.00 (Cumulative area) 

    Layer: Metal4
      Partial area ratio:   43.96
      Required ratio:    0.00 (Gate area) 
      Cumulative area ratio:  312.80
      Required ratio: 14172.00 (Cumulative area) 
      Partial area ratio:  198.07
      Required ratio:    0.00 (Side area) 
      Cumulative area ratio: 1410.79
      Required ratio:    0.00 (Cumulative side area) 


  Pin:   fanout294/A (sg13g2_buf_1)
    Layer: Via1
      Partial area ratio:    0.20
      Required ratio:   20.00 (Gate area) 
      Cumulative area ratio:    0.20
      Required ratio:    0.00 (Cumulative area) 

    Layer: Metal2
      Partial area ratio:   23.27
      Required ratio:    0.00 (Gate area) 
      Cumulative area ratio:   23.27
      Required ratio:  200.00 (Cumulative area) 
      Partial area ratio:  105.63
      Required ratio:    0.00 (Side area) 
      Cumulative area ratio:  105.63
      Required ratio:    0.00 (Cumulative side area) 

    Layer: Via2
      Partial area ratio:    0.60
      Required ratio:   20.00 (Gate area) 
      Cumulative area ratio:    0.80
      Required ratio:    0.00 (Cumulative area) 

    Layer: Metal3
      Partial area ratio:  116.20
      Required ratio:    0.00 (Gate area) 
      Cumulative area ratio:  139.47
      Required ratio:  200.00 (Cumulative area) 
      Partial area ratio:  524.88
      Required ratio:    0.00 (Side area) 
      Cumulative area ratio:  630.51
      Required ratio:    0.00 (Cumulative side area) 

    Layer: Via3
      Partial area ratio:    0.10
      Required ratio:   20.00 (Gate area) 
      Cumulative area ratio:    0.90
      Required ratio:    0.00 (Cumulative area) 

    Layer: Metal4
      Partial area ratio:   43.96
      Required ratio:    0.00 (Gate area) 
      Cumulative area ratio:  183.43
      Required ratio: 14172.00 (Cumulative area) 
      Partial area ratio:  198.07
      Required ratio:    0.00 (Side area) 
      Cumulative area ratio:  828.58
      Required ratio:    0.00 (Cumulative side area) 


  Pin:   fanout295/A (sg13g2_buf_1)
    Layer: Via1
      Partial area ratio:    0.20
      Required ratio:   20.00 (Gate area) 
      Cumulative area ratio:    0.20
      Required ratio:    0.00 (Cumulative area) 

    Layer: Metal2
      Partial area ratio:    2.03
      Required ratio:    0.00 (Gate area) 
      Cumulative area ratio:    2.03
      Required ratio:  200.00 (Cumulative area) 
      Partial area ratio:   10.07
      Required ratio:    0.00 (Side area) 
      Cumulative area ratio:   10.07
      Required ratio:    0.00 (Cumulative side area) 

    Layer: Via2
      Partial area ratio:    0.40
      Required ratio:   20.00 (Gate area) 
      Cumulative area ratio:    0.60
      Required ratio:    0.00 (Cumulative area) 

    Layer: Metal3
      Partial area ratio:    0.66
      Required ratio:    0.00 (Gate area) 
      Cumulative area ratio:    2.68
      Required ratio:  200.00 (Cumulative area) 
      Partial area ratio:    4.93
      Required ratio:    0.00 (Side area) 
      Cumulative area ratio:   15.00
      Required ratio:    0.00 (Cumulative side area) 

    Layer: Via3
      Partial area ratio:    0.20
      Required ratio:   20.00 (Gate area) 
      Cumulative area ratio:    0.80
      Required ratio:    0.00 (Cumulative area) 

    Layer: Metal4
      Partial area ratio:   43.96
      Required ratio:    0.00 (Gate area) 
      Cumulative area ratio:   46.64
      Required ratio: 14172.00 (Cumulative area) 
      Partial area ratio:  198.07
      Required ratio:    0.00 (Side area) 
      Cumulative area ratio:  213.07
      Required ratio:    0.00 (Cumulative side area) 


  Pin:   fanout296/A (sg13g2_buf_1)
    Layer: Via1
      Partial area ratio:    0.20
      Required ratio:   20.00 (Gate area) 
      Cumulative area ratio:    0.20
      Required ratio:    0.00 (Cumulative area) 

    Layer: Metal2
      Partial area ratio:   11.72
      Required ratio:    0.00 (Gate area) 
      Cumulative area ratio:   11.72
      Required ratio: 14172.00 (Cumulative area) 
      Partial area ratio:   53.43
      Required ratio:    0.00 (Side area) 
      Cumulative area ratio:   53.43
      Required ratio:    0.00 (Cumulative side area) 

    Layer: Via2
      Partial area ratio:    0.52
      Required ratio:  354.30 (Gate area) 
      Cumulative area ratio:    0.72
      Required ratio:    0.00 (Cumulative area) 

    Layer: Metal3
      Partial area ratio:   17.10
      Required ratio:    0.00 (Gate area) 
      Cumulative area ratio:   28.82
      Required ratio: 14172.00 (Cumulative area) 
      Partial area ratio:   79.67
      Required ratio:    0.00 (Side area) 
      Cumulative area ratio:  133.10
      Required ratio:    0.00 (Cumulative side area) 

    Layer: Via3
      Partial area ratio:    0.20
      Required ratio:  354.30 (Gate area) 
      Cumulative area ratio:    0.92
      Required ratio:    0.00 (Cumulative area) 

    Layer: Metal4
      Partial area ratio:   43.96
      Required ratio:    0.00 (Gate area) 
      Cumulative area ratio:   72.78
      Required ratio: 14172.00 (Cumulative area) 
      Partial area ratio:  198.07
      Required ratio:    0.00 (Side area) 
      Cumulative area ratio:  331.16
      Required ratio:    0.00 (Cumulative side area) 



Net: net406
  Pin:   fanout402/A (sg13g2_buf_1)
    Layer: Via1
      Partial area ratio:    0.20
      Required ratio:   20.00 (Gate area) 
      Cumulative area ratio:    0.20
      Required ratio:    0.00 (Cumulative area) 

    Layer: Metal2
      Partial area ratio:   56.48
      Required ratio:    0.00 (Gate area) 
      Cumulative area ratio:   56.48
      Required ratio:  200.00 (Cumulative area) 
      Partial area ratio:  255.12
      Required ratio:    0.00 (Side area) 
      Cumulative area ratio:  255.12
      Required ratio:    0.00 (Cumulative side area) 

    Layer: Via2
      Partial area ratio:    0.40
      Required ratio:   20.00 (Gate area) 
      Cumulative area ratio:    0.60
      Required ratio:    0.00 (Cumulative area) 

    Layer: Metal3
      Partial area ratio:   16.60
      Required ratio:    0.00 (Gate area) 
      Cumulative area ratio:   73.08
      Required ratio:  200.00 (Cumulative area) 
      Partial area ratio:   76.65
      Required ratio:    0.00 (Side area) 
      Cumulative area ratio:  331.77
      Required ratio:    0.00 (Cumulative side area) 

    Layer: Via3
      Partial area ratio:    0.20
      Required ratio:   20.00 (Gate area) 
      Cumulative area ratio:    0.80
      Required ratio:    0.00 (Cumulative area) 

    Layer: Metal4
      Partial area ratio:   65.98
      Required ratio:    0.00 (Gate area) 
      Cumulative area ratio:  139.06
      Required ratio: 14172.00 (Cumulative area) 
      Partial area ratio:  297.41
      Required ratio:    0.00 (Side area) 
      Cumulative area ratio:  629.18
      Required ratio:    0.00 (Cumulative side area) 


  Pin:   fanout403/A (sg13g2_buf_1)
    Layer: Via1
      Partial area ratio:    0.20
      Required ratio:   20.00 (Gate area) 
      Cumulative area ratio:    0.20
      Required ratio:    0.00 (Cumulative area) 

    Layer: Metal2
      Partial area ratio:    7.52
      Required ratio:    0.00 (Gate area) 
      Cumulative area ratio:    7.52
      Required ratio: 14172.00 (Cumulative area) 
      Partial area ratio:   34.75
      Required ratio:    0.00 (Side area) 
      Cumulative area ratio:   34.75
      Required ratio:    0.00 (Cumulative side area) 

    Layer: Via2
      Partial area ratio:    0.60
      Required ratio:  354.30 (Gate area) 
      Cumulative area ratio:    0.80
      Required ratio:    0.00 (Cumulative area) 

    Layer: Metal3
      Partial area ratio:    0.98
      Required ratio:    0.00 (Gate area) 
      Cumulative area ratio:    8.49
      Required ratio: 14172.00 (Cumulative area) 
      Partial area ratio:    7.37
      Required ratio:    0.00 (Side area) 
      Cumulative area ratio:   42.12
      Required ratio:    0.00 (Cumulative side area) 

    Layer: Via3
      Partial area ratio:    0.20
      Required ratio:  354.30 (Gate area) 
      Cumulative area ratio:    1.00
      Required ratio:    0.00 (Cumulative area) 

    Layer: Metal4
      Partial area ratio:   65.98
      Required ratio:    0.00 (Gate area) 
      Cumulative area ratio:   74.47
      Required ratio: 14172.00 (Cumulative area) 
      Partial area ratio:  297.41
      Required ratio:    0.00 (Side area) 
      Cumulative area ratio:  339.53
      Required ratio:    0.00 (Cumulative side area) 


  Pin:   fanout404/A (sg13g2_buf_1)
    Layer: Via1
      Partial area ratio:    0.20
      Required ratio:   20.00 (Gate area) 
      Cumulative area ratio:    0.20
      Required ratio:    0.00 (Cumulative area) 

    Layer: Metal2
      Partial area ratio:    3.49
      Required ratio:    0.00 (Gate area) 
      Cumulative area ratio:    3.49
      Required ratio:  200.00 (Cumulative area) 
      Partial area ratio:   16.65
      Required ratio:    0.00 (Side area) 
      Cumulative area ratio:   16.65
      Required ratio:    0.00 (Cumulative side area) 

    Layer: Via2
      Partial area ratio:    0.40
      Required ratio:   20.00 (Gate area) 
      Cumulative area ratio:    0.60
      Required ratio:    0.00 (Cumulative area) 

    Layer: Metal3
      Partial area ratio:    0.66
      Required ratio:    0.00 (Gate area) 
      Cumulative area ratio:    4.15
      Required ratio:  200.00 (Cumulative area) 
      Partial area ratio:    4.93
      Required ratio:    0.00 (Side area) 
      Cumulative area ratio:   21.58
      Required ratio:    0.00 (Cumulative side area) 

    Layer: Via3
      Partial area ratio:    0.20
      Required ratio:   20.00 (Gate area) 
      Cumulative area ratio:    0.80
      Required ratio:    0.00 (Cumulative area) 

    Layer: Metal4
      Partial area ratio:   65.98
      Required ratio:    0.00 (Gate area) 
      Cumulative area ratio:   70.13
      Required ratio: 14172.00 (Cumulative area) 
      Partial area ratio:  297.41
      Required ratio:    0.00 (Side area) 
      Cumulative area ratio:  318.99
      Required ratio:    0.00 (Cumulative side area) 


  Pin:   fanout405/A (sg13g2_buf_1)
    Layer: Via1
      Partial area ratio:    0.20
      Required ratio:   20.00 (Gate area) 
      Cumulative area ratio:    0.20
      Required ratio:    0.00 (Cumulative area) 

    Layer: Metal2
      Partial area ratio:    4.56
      Required ratio:    0.00 (Gate area) 
      Cumulative area ratio:    4.56
      Required ratio:  200.00 (Cumulative area) 
      Partial area ratio:   21.48
      Required ratio:    0.00 (Side area) 
      Cumulative area ratio:   21.48
      Required ratio:    0.00 (Cumulative side area) 

    Layer: Via2
      Partial area ratio:    0.40
      Required ratio:   20.00 (Gate area) 
      Cumulative area ratio:    0.60
      Required ratio:    0.00 (Cumulative area) 

    Layer: Metal3
      Partial area ratio:  207.87
      Required ratio:    0.00 (Gate area) 
      Cumulative area ratio:  212.43
      Required ratio:  200.00 (Cumulative area) (VIOLATED)
      Partial area ratio:  937.35
      Required ratio:    0.00 (Side area) 
      Cumulative area ratio:  958.84
      Required ratio:    0.00 (Cumulative side area) 

    Layer: Via3
      Partial area ratio:    0.40
      Required ratio:   20.00 (Gate area) 
      Cumulative area ratio:    1.00
      Required ratio:    0.00 (Cumulative area) 

    Layer: Metal4
      Partial area ratio:   65.98
      Required ratio:    0.00 (Gate area) 
      Cumulative area ratio:  278.41
      Required ratio: 14172.00 (Cumulative area) 
      Partial area ratio:  297.41
      Required ratio:    0.00 (Side area) 
      Cumulative area ratio: 1256.24
      Required ratio:    0.00 (Cumulative side area) 



Net: net2485
  Pin:   _49671_/B (sg13g2_nor2_1)
    Layer: Via1
      Partial area ratio:    0.15
      Required ratio:   20.00 (Gate area) 
      Cumulative area ratio:    0.15
      Required ratio:    0.00 (Cumulative area) 

    Layer: Metal2
      Partial area ratio:    5.02
      Required ratio:    0.00 (Gate area) 
      Cumulative area ratio:    5.02
      Required ratio:  200.00 (Cumulative area) 
      Partial area ratio:   23.29
      Required ratio:    0.00 (Side area) 
      Cumulative area ratio:   23.29
      Required ratio:    0.00 (Cumulative side area) 

    Layer: Via2
      Partial area ratio:    0.30
      Required ratio:   20.00 (Gate area) 
      Cumulative area ratio:    0.45
      Required ratio:    0.00 (Cumulative area) 

    Layer: Metal3
      Partial area ratio:    0.49
      Required ratio:    0.00 (Gate area) 
      Cumulative area ratio:    5.51
      Required ratio:  200.00 (Cumulative area) 
      Partial area ratio:    3.68
      Required ratio:    0.00 (Side area) 
      Cumulative area ratio:   26.98
      Required ratio:    0.00 (Cumulative side area) 

    Layer: Via3
      Partial area ratio:    0.15
      Required ratio:   20.00 (Gate area) 
      Cumulative area ratio:    0.60
      Required ratio:    0.00 (Cumulative area) 

    Layer: Metal4
      Partial area ratio:  161.00
      Required ratio:    0.00 (Gate area) 
      Cumulative area ratio:  166.51
      Required ratio:  200.00 (Cumulative area) 
      Partial area ratio:  724.84
      Required ratio:    0.00 (Side area) 
      Cumulative area ratio:  751.82
      Required ratio:    0.00 (Cumulative side area) 

    Layer: Via4
      Partial area ratio:    0.15
      Required ratio:   20.00 (Gate area) 
      Cumulative area ratio:    0.75
      Required ratio:    0.00 (Cumulative area) 

    Layer: Metal5
      Partial area ratio:   74.18
      Required ratio:    0.00 (Gate area) 
      Cumulative area ratio:  240.69
      Required ratio:  200.00 (Cumulative area) (VIOLATED)
      Partial area ratio:  333.47
      Required ratio:    0.00 (Side area) 
      Cumulative area ratio: 1085.29
      Required ratio:    0.00 (Cumulative side area) 

    Layer: TopVia1
      Partial area ratio:    0.15
      Required ratio:   20.00 (Gate area) 
      Cumulative area ratio:    0.89
      Required ratio:    0.00 (Cumulative area) 

    Layer: TopMetal1
      Partial area ratio:   26.27
      Required ratio:    0.00 (Gate area) 
      Cumulative area ratio:  266.96
      Required ratio: 56544.00 (Cumulative area) 
      Partial area ratio:   68.60
      Required ratio:    0.00 (Side area) 
      Cumulative area ratio: 1153.89
      Required ratio:    0.00 (Cumulative side area) 


  Pin:   _52159_/A (sg13g2_nor2_1)
    Layer: Via1
      Partial area ratio:    0.15
      Required ratio:   20.00 (Gate area) 
      Cumulative area ratio:    0.15
      Required ratio:    0.00 (Cumulative area) 

    Layer: Metal2
      Partial area ratio:    3.93
      Required ratio:    0.00 (Gate area) 
      Cumulative area ratio:    3.93
      Required ratio:  200.00 (Cumulative area) 
      Partial area ratio:   18.39
      Required ratio:    0.00 (Side area) 
      Cumulative area ratio:   18.39
      Required ratio:    0.00 (Cumulative side area) 

    Layer: Via2
      Partial area ratio:    0.30
      Required ratio:   20.00 (Gate area) 
      Cumulative area ratio:    0.45
      Required ratio:    0.00 (Cumulative area) 

    Layer: Metal3
      Partial area ratio:    6.45
      Required ratio:    0.00 (Gate area) 
      Cumulative area ratio:   10.38
      Required ratio:  200.00 (Cumulative area) 
      Partial area ratio:   30.48
      Required ratio:    0.00 (Side area) 
      Cumulative area ratio:   48.87
      Required ratio:    0.00 (Cumulative side area) 

    Layer: Via3
      Partial area ratio:    0.15
      Required ratio:   20.00 (Gate area) 
      Cumulative area ratio:    0.60
      Required ratio:    0.00 (Cumulative area) 

    Layer: Metal4
      Partial area ratio:  161.00
      Required ratio:    0.00 (Gate area) 
      Cumulative area ratio:  171.37
      Required ratio:  200.00 (Cumulative area) 
      Partial area ratio:  724.84
      Required ratio:    0.00 (Side area) 
      Cumulative area ratio:  773.71
      Required ratio:    0.00 (Cumulative side area) 

    Layer: Via4
      Partial area ratio:    0.15
      Required ratio:   20.00 (Gate area) 
      Cumulative area ratio:    0.75
      Required ratio:    0.00 (Cumulative area) 

    Layer: Metal5
      Partial area ratio:   74.18
      Required ratio:    0.00 (Gate area) 
      Cumulative area ratio:  245.56
      Required ratio:  200.00 (Cumulative area) (VIOLATED)
      Partial area ratio:  333.47
      Required ratio:    0.00 (Side area) 
      Cumulative area ratio: 1107.18
      Required ratio:    0.00 (Cumulative side area) 

    Layer: TopVia1
      Partial area ratio:    0.15
      Required ratio:   20.00 (Gate area) 
      Cumulative area ratio:    0.89
      Required ratio:    0.00 (Cumulative area) 

    Layer: TopMetal1
      Partial area ratio:   26.27
      Required ratio:    0.00 (Gate area) 
      Cumulative area ratio:  271.83
      Required ratio: 56544.00 (Cumulative area) 
      Partial area ratio:   68.60
      Required ratio:    0.00 (Side area) 
      Cumulative area ratio: 1175.78
      Required ratio:    0.00 (Cumulative side area) 


  Pin:   _52978_/A (sg13g2_nor2_1)
    Layer: Via1
      Partial area ratio:    0.15
      Required ratio:   20.00 (Gate area) 
      Cumulative area ratio:    0.15
      Required ratio:    0.00 (Cumulative area) 

    Layer: Metal2
      Partial area ratio:    2.40
      Required ratio:    0.00 (Gate area) 
      Cumulative area ratio:    2.40
      Required ratio:  200.00 (Cumulative area) 
      Partial area ratio:   11.50
      Required ratio:    0.00 (Side area) 
      Cumulative area ratio:   11.50
      Required ratio:    0.00 (Cumulative side area) 

    Layer: Via2
      Partial area ratio:    0.30
      Required ratio:   20.00 (Gate area) 
      Cumulative area ratio:    0.45
      Required ratio:    0.00 (Cumulative area) 

    Layer: Metal3
      Partial area ratio:    0.49
      Required ratio:    0.00 (Gate area) 
      Cumulative area ratio:    2.89
      Required ratio:  200.00 (Cumulative area) 
      Partial area ratio:    3.68
      Required ratio:    0.00 (Side area) 
      Cumulative area ratio:   15.19
      Required ratio:    0.00 (Cumulative side area) 

    Layer: Via3
      Partial area ratio:    0.15
      Required ratio:   20.00 (Gate area) 
      Cumulative area ratio:    0.60
      Required ratio:    0.00 (Cumulative area) 

    Layer: Metal4
      Partial area ratio:   18.19
      Required ratio:    0.00 (Gate area) 
      Cumulative area ratio:   21.08
      Required ratio: 56544.00 (Cumulative area) 
      Partial area ratio:   82.57
      Required ratio:    0.00 (Side area) 
      Cumulative area ratio:   97.76
      Required ratio:    0.00 (Cumulative side area) 

    Layer: Via4
      Partial area ratio:    0.15
      Required ratio: 1413.60 (Gate area) 
      Cumulative area ratio:    0.75
      Required ratio:    0.00 (Cumulative area) 

    Layer: Metal5
      Partial area ratio:    1.59
      Required ratio:    0.00 (Gate area) 
      Cumulative area ratio:   22.67
      Required ratio: 56544.00 (Cumulative area) 
      Partial area ratio:    4.62
      Required ratio:    0.00 (Side area) 
      Cumulative area ratio:  102.38
      Required ratio:    0.00 (Cumulative side area) 

    Layer: TopVia1
      Partial area ratio:    0.73
      Required ratio: 1413.60 (Gate area) 
      Cumulative area ratio:    1.48
      Required ratio:    0.00 (Cumulative area) 

    Layer: TopMetal1
      Partial area ratio:   26.27
      Required ratio:    0.00 (Gate area) 
      Cumulative area ratio:   48.94
      Required ratio: 56544.00 (Cumulative area) 
      Partial area ratio:   68.60
      Required ratio:    0.00 (Side area) 
      Cumulative area ratio:  170.97
      Required ratio:    0.00 (Cumulative side area) 


  Pin:   _57891_/A (sg13g2_nor2_1)
    Layer: Via1
      Partial area ratio:    0.15
      Required ratio:   20.00 (Gate area) 
      Cumulative area ratio:    0.15
      Required ratio:    0.00 (Cumulative area) 

    Layer: Metal2
      Partial area ratio:    2.19
      Required ratio:    0.00 (Gate area) 
      Cumulative area ratio:    2.19
      Required ratio:  200.00 (Cumulative area) 
      Partial area ratio:   10.57
      Required ratio:    0.00 (Side area) 
      Cumulative area ratio:   10.57
      Required ratio:    0.00 (Cumulative side area) 

    Layer: Via2
      Partial area ratio:    0.30
      Required ratio:   20.00 (Gate area) 
      Cumulative area ratio:    0.45
      Required ratio:    0.00 (Cumulative area) 

    Layer: Metal3
      Partial area ratio:    0.49
      Required ratio:    0.00 (Gate area) 
      Cumulative area ratio:    2.68
      Required ratio:  200.00 (Cumulative area) 
      Partial area ratio:    3.68
      Required ratio:    0.00 (Side area) 
      Cumulative area ratio:   14.26
      Required ratio:    0.00 (Cumulative side area) 

    Layer: Via3
      Partial area ratio:    0.15
      Required ratio:   20.00 (Gate area) 
      Cumulative area ratio:    0.60
      Required ratio:    0.00 (Cumulative area) 

    Layer: Metal4
      Partial area ratio:    0.25
      Required ratio:    0.00 (Gate area) 
      Cumulative area ratio:    2.93
      Required ratio:  200.00 (Cumulative area) 
      Partial area ratio:    1.86
      Required ratio:    0.00 (Side area) 
      Cumulative area ratio:   16.12
      Required ratio:    0.00 (Cumulative side area) 

    Layer: Via4
      Partial area ratio:    0.15
      Required ratio:   20.00 (Gate area) 
      Cumulative area ratio:    0.75
      Required ratio:    0.00 (Cumulative area) 

    Layer: Metal5
      Partial area ratio:   74.18
      Required ratio:    0.00 (Gate area) 
      Cumulative area ratio:   77.12
      Required ratio:  200.00 (Cumulative area) 
      Partial area ratio:  333.47
      Required ratio:    0.00 (Side area) 
      Cumulative area ratio:  349.59
      Required ratio:    0.00 (Cumulative side area) 

    Layer: TopVia1
      Partial area ratio:    0.15
      Required ratio:   20.00 (Gate area) 
      Cumulative area ratio:    0.89
      Required ratio:    0.00 (Cumulative area) 

    Layer: TopMetal1
      Partial area ratio:   26.27
      Required ratio:    0.00 (Gate area) 
      Cumulative area ratio:  103.39
      Required ratio: 56544.00 (Cumulative area) 
      Partial area ratio:   68.60
      Required ratio:    0.00 (Side area) 
      Cumulative area ratio:  418.19
      Required ratio:    0.00 (Cumulative side area) 


  Pin:   _58709_/A (sg13g2_nor2_1)
    Layer: Via1
      Partial area ratio:    0.15
      Required ratio:   20.00 (Gate area) 
      Cumulative area ratio:    0.15
      Required ratio:    0.00 (Cumulative area) 

    Layer: Metal2
      Partial area ratio:    3.22
      Required ratio:    0.00 (Gate area) 
      Cumulative area ratio:    3.22
      Required ratio:  200.00 (Cumulative area) 
      Partial area ratio:   15.22
      Required ratio:    0.00 (Side area) 
      Cumulative area ratio:   15.22
      Required ratio:    0.00 (Cumulative side area) 

    Layer: Via2
      Partial area ratio:    0.30
      Required ratio:   20.00 (Gate area) 
      Cumulative area ratio:    0.45
      Required ratio:    0.00 (Cumulative area) 

    Layer: Metal3
      Partial area ratio:    0.49
      Required ratio:    0.00 (Gate area) 
      Cumulative area ratio:    3.72
      Required ratio:  200.00 (Cumulative area) 
      Partial area ratio:    3.68
      Required ratio:    0.00 (Side area) 
      Cumulative area ratio:   18.91
      Required ratio:    0.00 (Cumulative side area) 

    Layer: Via3
      Partial area ratio:    0.15
      Required ratio:   20.00 (Gate area) 
      Cumulative area ratio:    0.60
      Required ratio:    0.00 (Cumulative area) 

    Layer: Metal4
      Partial area ratio:    6.28
      Required ratio:    0.00 (Gate area) 
      Cumulative area ratio:    9.99
      Required ratio:  200.00 (Cumulative area) 
      Partial area ratio:   28.98
      Required ratio:    0.00 (Side area) 
      Cumulative area ratio:   47.88
      Required ratio:    0.00 (Cumulative side area) 

    Layer: Via4
      Partial area ratio:    0.15
      Required ratio:   20.00 (Gate area) 
      Cumulative area ratio:    0.75
      Required ratio:    0.00 (Cumulative area) 

    Layer: Metal5
      Partial area ratio:   74.18
      Required ratio:    0.00 (Gate area) 
      Cumulative area ratio:   84.18
      Required ratio:  200.00 (Cumulative area) 
      Partial area ratio:  333.47
      Required ratio:    0.00 (Side area) 
      Cumulative area ratio:  381.36
      Required ratio:    0.00 (Cumulative side area) 

    Layer: TopVia1
      Partial area ratio:    0.15
      Required ratio:   20.00 (Gate area) 
      Cumulative area ratio:    0.89
      Required ratio:    0.00 (Cumulative area) 

    Layer: TopMetal1
      Partial area ratio:   26.27
      Required ratio:    0.00 (Gate area) 
      Cumulative area ratio:  110.45
      Required ratio: 56544.00 (Cumulative area) 
      Partial area ratio:   68.60
      Required ratio:    0.00 (Side area) 
      Cumulative area ratio:  449.95
      Required ratio:    0.00 (Cumulative side area) 


  Pin:   _59525_/B (sg13g2_nor2_1)
    Layer: Via1
      Partial area ratio:    0.15
      Required ratio:   20.00 (Gate area) 
      Cumulative area ratio:    0.15
      Required ratio:    0.00 (Cumulative area) 

    Layer: Metal2
      Partial area ratio:    1.34
      Required ratio:    0.00 (Gate area) 
      Cumulative area ratio:    1.34
      Required ratio:  200.00 (Cumulative area) 
      Partial area ratio:    6.76
      Required ratio:    0.00 (Side area) 
      Cumulative area ratio:    6.76
      Required ratio:    0.00 (Cumulative side area) 

    Layer: Via2
      Partial area ratio:    0.30
      Required ratio:   20.00 (Gate area) 
      Cumulative area ratio:    0.45
      Required ratio:    0.00 (Cumulative area) 

    Layer: Metal3
      Partial area ratio:    0.49
      Required ratio:    0.00 (Gate area) 
      Cumulative area ratio:    1.84
      Required ratio:  200.00 (Cumulative area) 
      Partial area ratio:    3.68
      Required ratio:    0.00 (Side area) 
      Cumulative area ratio:   10.45
      Required ratio:    0.00 (Cumulative side area) 

    Layer: Via3
      Partial area ratio:    0.15
      Required ratio:   20.00 (Gate area) 
      Cumulative area ratio:    0.60
      Required ratio:    0.00 (Cumulative area) 

    Layer: Metal4
      Partial area ratio:    0.25
      Required ratio:    0.00 (Gate area) 
      Cumulative area ratio:    2.09
      Required ratio:  200.00 (Cumulative area) 
      Partial area ratio:    1.86
      Required ratio:    0.00 (Side area) 
      Cumulative area ratio:   12.31
      Required ratio:    0.00 (Cumulative side area) 

    Layer: Via4
      Partial area ratio:    0.15
      Required ratio:   20.00 (Gate area) 
      Cumulative area ratio:    0.75
      Required ratio:    0.00 (Cumulative area) 

    Layer: Metal5
      Partial area ratio:   74.18
      Required ratio:    0.00 (Gate area) 
      Cumulative area ratio:   76.27
      Required ratio:  200.00 (Cumulative area) 
      Partial area ratio:  333.47
      Required ratio:    0.00 (Side area) 
      Cumulative area ratio:  345.78
      Required ratio:    0.00 (Cumulative side area) 

    Layer: TopVia1
      Partial area ratio:    0.15
      Required ratio:   20.00 (Gate area) 
      Cumulative area ratio:    0.89
      Required ratio:    0.00 (Cumulative area) 

    Layer: TopMetal1
      Partial area ratio:   26.27
      Required ratio:    0.00 (Gate area) 
      Cumulative area ratio:  102.54
      Required ratio: 56544.00 (Cumulative area) 
      Partial area ratio:   68.60
      Required ratio:    0.00 (Side area) 
      Cumulative area ratio:  414.38
      Required ratio:    0.00 (Cumulative side area) 



Net: net2487
  Pin:   _49415_/A (sg13g2_nor2_1)
    Layer: Via1
      Partial area ratio:    0.15
      Required ratio:   20.00 (Gate area) 
      Cumulative area ratio:    0.15
      Required ratio:    0.00 (Cumulative area) 

    Layer: Metal2
      Partial area ratio:    4.52
      Required ratio:    0.00 (Gate area) 
      Cumulative area ratio:    4.52
      Required ratio:  200.00 (Cumulative area) 
      Partial area ratio:   21.03
      Required ratio:    0.00 (Side area) 
      Cumulative area ratio:   21.03
      Required ratio:    0.00 (Cumulative side area) 

    Layer: Via2
      Partial area ratio:    0.30
      Required ratio:   20.00 (Gate area) 
      Cumulative area ratio:    0.45
      Required ratio:    0.00 (Cumulative area) 

    Layer: Metal3
      Partial area ratio:    0.49
      Required ratio:    0.00 (Gate area) 
      Cumulative area ratio:    5.01
      Required ratio:  200.00 (Cumulative area) 
      Partial area ratio:    3.68
      Required ratio:    0.00 (Side area) 
      Cumulative area ratio:   24.71
      Required ratio:    0.00 (Cumulative side area) 

    Layer: Via3
      Partial area ratio:    0.15
      Required ratio:   20.00 (Gate area) 
      Cumulative area ratio:    0.60
      Required ratio:    0.00 (Cumulative area) 

    Layer: Metal4
      Partial area ratio:    0.25
      Required ratio:    0.00 (Gate area) 
      Cumulative area ratio:    5.26
      Required ratio:  200.00 (Cumulative area) 
      Partial area ratio:    1.86
      Required ratio:    0.00 (Side area) 
      Cumulative area ratio:   26.58
      Required ratio:    0.00 (Cumulative side area) 

    Layer: Via4
      Partial area ratio:    0.15
      Required ratio:   20.00 (Gate area) 
      Cumulative area ratio:    0.75
      Required ratio:    0.00 (Cumulative area) 

    Layer: Metal5
      Partial area ratio:   61.70
      Required ratio:    0.00 (Gate area) 
      Cumulative area ratio:   66.96
      Required ratio: 56544.00 (Cumulative area) 
      Partial area ratio:  278.14
      Required ratio:    0.00 (Side area) 
      Cumulative area ratio:  304.71
      Required ratio:    0.00 (Cumulative side area) 


  Pin:   _52056_/A (sg13g2_nor2_1)
    Layer: Via1
      Partial area ratio:    0.15
      Required ratio:   20.00 (Gate area) 
      Cumulative area ratio:    0.15
      Required ratio:    0.00 (Cumulative area) 

    Layer: Metal2
      Partial area ratio:    3.49
      Required ratio:    0.00 (Gate area) 
      Cumulative area ratio:    3.49
      Required ratio:  200.00 (Cumulative area) 
      Partial area ratio:   16.41
      Required ratio:    0.00 (Side area) 
      Cumulative area ratio:   16.41
      Required ratio:    0.00 (Cumulative side area) 

    Layer: Via2
      Partial area ratio:    0.30
      Required ratio:   20.00 (Gate area) 
      Cumulative area ratio:    0.45
      Required ratio:    0.00 (Cumulative area) 

    Layer: Metal3
      Partial area ratio:    0.49
      Required ratio:    0.00 (Gate area) 
      Cumulative area ratio:    3.98
      Required ratio:  200.00 (Cumulative area) 
      Partial area ratio:    3.68
      Required ratio:    0.00 (Side area) 
      Cumulative area ratio:   20.10
      Required ratio:    0.00 (Cumulative side area) 

    Layer: Via3
      Partial area ratio:    0.15
      Required ratio:   20.00 (Gate area) 
      Cumulative area ratio:    0.60
      Required ratio:    0.00 (Cumulative area) 

    Layer: Metal4
      Partial area ratio:  310.01
      Required ratio:    0.00 (Gate area) 
      Cumulative area ratio:  313.99
      Required ratio:  200.00 (Cumulative area) (VIOLATED)
      Partial area ratio: 1395.74
      Required ratio:    0.00 (Side area) 
      Cumulative area ratio: 1415.84
      Required ratio:    0.00 (Cumulative side area) 

    Layer: Via4
      Partial area ratio:    0.30
      Required ratio:   20.00 (Gate area) 
      Cumulative area ratio:    0.90
      Required ratio:    0.00 (Cumulative area) 

    Layer: Metal5
      Partial area ratio:   61.70
      Required ratio:    0.00 (Gate area) 
      Cumulative area ratio:  375.69
      Required ratio: 56544.00 (Cumulative area) 
      Partial area ratio:  278.14
      Required ratio:    0.00 (Side area) 
      Cumulative area ratio: 1693.98
      Required ratio:    0.00 (Cumulative side area) 


  Pin:   _52875_/A (sg13g2_nor2_1)
    Layer: Via1
      Partial area ratio:    0.15
      Required ratio:   20.00 (Gate area) 
      Cumulative area ratio:    0.15
      Required ratio:    0.00 (Cumulative area) 

    Layer: Metal2
      Partial area ratio:    4.33
      Required ratio:    0.00 (Gate area) 
      Cumulative area ratio:    4.33
      Required ratio:  200.00 (Cumulative area) 
      Partial area ratio:   20.17
      Required ratio:    0.00 (Side area) 
      Cumulative area ratio:   20.17
      Required ratio:    0.00 (Cumulative side area) 

    Layer: Via2
      Partial area ratio:    0.30
      Required ratio:   20.00 (Gate area) 
      Cumulative area ratio:    0.45
      Required ratio:    0.00 (Cumulative area) 

    Layer: Metal3
      Partial area ratio:    0.49
      Required ratio:    0.00 (Gate area) 
      Cumulative area ratio:    4.82
      Required ratio:  200.00 (Cumulative area) 
      Partial area ratio:    3.68
      Required ratio:    0.00 (Side area) 
      Cumulative area ratio:   23.86
      Required ratio:    0.00 (Cumulative side area) 

    Layer: Via3
      Partial area ratio:    0.15
      Required ratio:   20.00 (Gate area) 
      Cumulative area ratio:    0.60
      Required ratio:    0.00 (Cumulative area) 

    Layer: Metal4
      Partial area ratio:   36.13
      Required ratio:    0.00 (Gate area) 
      Cumulative area ratio:   40.95
      Required ratio: 56544.00 (Cumulative area) 
      Partial area ratio:  163.31
      Required ratio:    0.00 (Side area) 
      Cumulative area ratio:  187.17
      Required ratio:    0.00 (Cumulative side area) 

    Layer: Via4
      Partial area ratio:    0.15
      Required ratio: 1413.60 (Gate area) 
      Cumulative area ratio:    0.75
      Required ratio:    0.00 (Cumulative area) 

    Layer: Metal5
      Partial area ratio:   61.70
      Required ratio:    0.00 (Gate area) 
      Cumulative area ratio:  102.64
      Required ratio: 56544.00 (Cumulative area) 
      Partial area ratio:  278.14
      Required ratio:    0.00 (Side area) 
      Cumulative area ratio:  465.30
      Required ratio:    0.00 (Cumulative side area) 


  Pin:   _57788_/A (sg13g2_nor2_1)
    Layer: Via1
      Partial area ratio:    0.15
      Required ratio:   20.00 (Gate area) 
      Cumulative area ratio:    0.15
      Required ratio:    0.00 (Cumulative area) 

    Layer: Metal2
      Partial area ratio:    1.74
      Required ratio:    0.00 (Gate area) 
      Cumulative area ratio:    1.74
      Required ratio:  200.00 (Cumulative area) 
      Partial area ratio:    8.52
      Required ratio:    0.00 (Side area) 
      Cumulative area ratio:    8.52
      Required ratio:    0.00 (Cumulative side area) 

    Layer: Via2
      Partial area ratio:    0.30
      Required ratio:   20.00 (Gate area) 
      Cumulative area ratio:    0.45
      Required ratio:    0.00 (Cumulative area) 

    Layer: Metal3
      Partial area ratio:    0.49
      Required ratio:    0.00 (Gate area) 
      Cumulative area ratio:    2.23
      Required ratio:  200.00 (Cumulative area) 
      Partial area ratio:    3.68
      Required ratio:    0.00 (Side area) 
      Cumulative area ratio:   12.21
      Required ratio:    0.00 (Cumulative side area) 

    Layer: Via3
      Partial area ratio:    0.15
      Required ratio:   20.00 (Gate area) 
      Cumulative area ratio:    0.60
      Required ratio:    0.00 (Cumulative area) 

    Layer: Metal4
      Partial area ratio:    0.25
      Required ratio:    0.00 (Gate area) 
      Cumulative area ratio:    2.48
      Required ratio:  200.00 (Cumulative area) 
      Partial area ratio:    1.86
      Required ratio:    0.00 (Side area) 
      Cumulative area ratio:   14.07
      Required ratio:    0.00 (Cumulative side area) 

    Layer: Via4
      Partial area ratio:    0.15
      Required ratio:   20.00 (Gate area) 
      Cumulative area ratio:    0.75
      Required ratio:    0.00 (Cumulative area) 

    Layer: Metal5
      Partial area ratio:   61.70
      Required ratio:    0.00 (Gate area) 
      Cumulative area ratio:   64.18
      Required ratio: 56544.00 (Cumulative area) 
      Partial area ratio:  278.14
      Required ratio:    0.00 (Side area) 
      Cumulative area ratio:  292.21
      Required ratio:    0.00 (Cumulative side area) 


  Pin:   _58606_/A (sg13g2_nor2_1)
    Layer: Via1
      Partial area ratio:    0.15
      Required ratio:   20.00 (Gate area) 
      Cumulative area ratio:    0.15
      Required ratio:    0.00 (Cumulative area) 

    Layer: Metal2
      Partial area ratio:    5.27
      Required ratio:    0.00 (Gate area) 
      Cumulative area ratio:    5.27
      Required ratio:  200.00 (Cumulative area) 
      Partial area ratio:   24.42
      Required ratio:    0.00 (Side area) 
      Cumulative area ratio:   24.42
      Required ratio:    0.00 (Cumulative side area) 

    Layer: Via2
      Partial area ratio:    0.30
      Required ratio:   20.00 (Gate area) 
      Cumulative area ratio:    0.45
      Required ratio:    0.00 (Cumulative area) 

    Layer: Metal3
      Partial area ratio:    0.49
      Required ratio:    0.00 (Gate area) 
      Cumulative area ratio:    5.76
      Required ratio:  200.00 (Cumulative area) 
      Partial area ratio:    3.68
      Required ratio:    0.00 (Side area) 
      Cumulative area ratio:   28.10
      Required ratio:    0.00 (Cumulative side area) 

    Layer: Via3
      Partial area ratio:    0.15
      Required ratio:   20.00 (Gate area) 
      Cumulative area ratio:    0.60
      Required ratio:    0.00 (Cumulative area) 

    Layer: Metal4
      Partial area ratio:    6.28
      Required ratio:    0.00 (Gate area) 
      Cumulative area ratio:   12.04
      Required ratio:  200.00 (Cumulative area) 
      Partial area ratio:   28.98
      Required ratio:    0.00 (Side area) 
      Cumulative area ratio:   57.08
      Required ratio:    0.00 (Cumulative side area) 

    Layer: Via4
      Partial area ratio:    0.15
      Required ratio:   20.00 (Gate area) 
      Cumulative area ratio:    0.75
      Required ratio:    0.00 (Cumulative area) 

    Layer: Metal5
      Partial area ratio:   61.70
      Required ratio:    0.00 (Gate area) 
      Cumulative area ratio:   73.74
      Required ratio: 56544.00 (Cumulative area) 
      Partial area ratio:  278.14
      Required ratio:    0.00 (Side area) 
      Cumulative area ratio:  335.22
      Required ratio:    0.00 (Cumulative side area) 


  Pin:   _59423_/B (sg13g2_nor2_1)
    Layer: Via1
      Partial area ratio:    0.15
      Required ratio:   20.00 (Gate area) 
      Cumulative area ratio:    0.15
      Required ratio:    0.00 (Cumulative area) 

    Layer: Metal2
      Partial area ratio:    2.18
      Required ratio:    0.00 (Gate area) 
      Cumulative area ratio:    2.18
      Required ratio:  200.00 (Cumulative area) 
      Partial area ratio:   10.54
      Required ratio:    0.00 (Side area) 
      Cumulative area ratio:   10.54
      Required ratio:    0.00 (Cumulative side area) 

    Layer: Via2
      Partial area ratio:    0.30
      Required ratio:   20.00 (Gate area) 
      Cumulative area ratio:    0.45
      Required ratio:    0.00 (Cumulative area) 

    Layer: Metal3
      Partial area ratio:    0.49
      Required ratio:    0.00 (Gate area) 
      Cumulative area ratio:    2.68
      Required ratio:  200.00 (Cumulative area) 
      Partial area ratio:    3.68
      Required ratio:    0.00 (Side area) 
      Cumulative area ratio:   14.23
      Required ratio:    0.00 (Cumulative side area) 

    Layer: Via3
      Partial area ratio:    0.15
      Required ratio:   20.00 (Gate area) 
      Cumulative area ratio:    0.60
      Required ratio:    0.00 (Cumulative area) 

    Layer: Metal4
      Partial area ratio:    6.29
      Required ratio:    0.00 (Gate area) 
      Cumulative area ratio:    8.96
      Required ratio:  200.00 (Cumulative area) 
      Partial area ratio:   29.00
      Required ratio:    0.00 (Side area) 
      Cumulative area ratio:   43.22
      Required ratio:    0.00 (Cumulative side area) 

    Layer: Via4
      Partial area ratio:    0.30
      Required ratio:   20.00 (Gate area) 
      Cumulative area ratio:    0.90
      Required ratio:    0.00 (Cumulative area) 

    Layer: Metal5
      Partial area ratio:   61.70
      Required ratio:    0.00 (Gate area) 
      Cumulative area ratio:   70.66
      Required ratio: 56544.00 (Cumulative area) 
      Partial area ratio:  278.14
      Required ratio:    0.00 (Side area) 
      Cumulative area ratio:  321.36
      Required ratio:    0.00 (Cumulative side area) 



Net: net2530
  Pin:   fanout2514/A (sg13g2_buf_1)
    Layer: Via1
      Partial area ratio:    0.20
      Required ratio:   20.00 (Gate area) 
      Cumulative area ratio:    0.20
      Required ratio:    0.00 (Cumulative area) 

    Layer: Metal2
      Partial area ratio:    2.43
      Required ratio:    0.00 (Gate area) 
      Cumulative area ratio:    2.43
      Required ratio:  200.00 (Cumulative area) 
      Partial area ratio:   11.89
      Required ratio:    0.00 (Side area) 
      Cumulative area ratio:   11.89
      Required ratio:    0.00 (Cumulative side area) 

    Layer: Via2
      Partial area ratio:    0.40
      Required ratio:   20.00 (Gate area) 
      Cumulative area ratio:    0.60
      Required ratio:    0.00 (Cumulative area) 

    Layer: Metal3
      Partial area ratio:    0.66
      Required ratio:    0.00 (Gate area) 
      Cumulative area ratio:    3.09
      Required ratio:  200.00 (Cumulative area) 
      Partial area ratio:    4.93
      Required ratio:    0.00 (Side area) 
      Cumulative area ratio:   16.82
      Required ratio:    0.00 (Cumulative side area) 

    Layer: Via3
      Partial area ratio:    0.20
      Required ratio:   20.00 (Gate area) 
      Cumulative area ratio:    0.80
      Required ratio:    0.00 (Cumulative area) 

    Layer: Metal4
      Partial area ratio:    0.34
      Required ratio:    0.00 (Gate area) 
      Cumulative area ratio:    3.43
      Required ratio:  200.00 (Cumulative area) 
      Partial area ratio:    2.49
      Required ratio:    0.00 (Side area) 
      Cumulative area ratio:   19.31
      Required ratio:    0.00 (Cumulative side area) 

    Layer: Via4
      Partial area ratio:    0.20
      Required ratio:   20.00 (Gate area) 
      Cumulative area ratio:    1.00
      Required ratio:    0.00 (Cumulative area) 

    Layer: Metal5
      Partial area ratio:  172.21
      Required ratio:    0.00 (Gate area) 
      Cumulative area ratio:  175.64
      Required ratio:  200.00 (Cumulative area) 
      Partial area ratio:  773.27
      Required ratio:    0.00 (Side area) 
      Cumulative area ratio:  792.58
      Required ratio:    0.00 (Cumulative side area) 

    Layer: TopVia1
      Partial area ratio:    0.49
      Required ratio:   20.00 (Gate area) 
      Cumulative area ratio:    1.49
      Required ratio:    0.00 (Cumulative area) 

    Layer: TopMetal1
      Partial area ratio: 1081.93
      Required ratio:    0.00 (Gate area) 
      Cumulative area ratio: 1257.57
      Required ratio: 14172.00 (Cumulative area) 
      Partial area ratio: 2647.92
      Required ratio:    0.00 (Side area) 
      Cumulative area ratio: 3440.51
      Required ratio:    0.00 (Cumulative side area) 


  Pin:   fanout2519/A (sg13g2_buf_1)
    Layer: Via1
      Partial area ratio:    0.20
      Required ratio:   20.00 (Gate area) 
      Cumulative area ratio:    0.20
      Required ratio:    0.00 (Cumulative area) 

    Layer: Metal2
      Partial area ratio:    4.56
      Required ratio:    0.00 (Gate area) 
      Cumulative area ratio:    4.56
      Required ratio:  200.00 (Cumulative area) 
      Partial area ratio:   21.45
      Required ratio:    0.00 (Side area) 
      Cumulative area ratio:   21.45
      Required ratio:    0.00 (Cumulative side area) 

    Layer: Via2
      Partial area ratio:    0.40
      Required ratio:   20.00 (Gate area) 
      Cumulative area ratio:    0.60
      Required ratio:    0.00 (Cumulative area) 

    Layer: Metal3
      Partial area ratio:   40.50
      Required ratio:    0.00 (Gate area) 
      Cumulative area ratio:   45.06
      Required ratio:  200.00 (Cumulative area) 
      Partial area ratio:  184.23
      Required ratio:    0.00 (Side area) 
      Cumulative area ratio:  205.69
      Required ratio:    0.00 (Cumulative side area) 

    Layer: Via3
      Partial area ratio:    0.20
      Required ratio:   20.00 (Gate area) 
      Cumulative area ratio:    0.80
      Required ratio:    0.00 (Cumulative area) 

    Layer: Metal4
      Partial area ratio:    8.40
      Required ratio:    0.00 (Gate area) 
      Cumulative area ratio:   53.46
      Required ratio:  200.00 (Cumulative area) 
      Partial area ratio:   38.77
      Required ratio:    0.00 (Side area) 
      Cumulative area ratio:  244.46
      Required ratio:    0.00 (Cumulative side area) 

    Layer: Via4
      Partial area ratio:    0.20
      Required ratio:   20.00 (Gate area) 
      Cumulative area ratio:    1.00
      Required ratio:    0.00 (Cumulative area) 

    Layer: Metal5
      Partial area ratio:  172.21
      Required ratio:    0.00 (Gate area) 
      Cumulative area ratio:  225.67
      Required ratio:  200.00 (Cumulative area) (VIOLATED)
      Partial area ratio:  773.27
      Required ratio:    0.00 (Side area) 
      Cumulative area ratio: 1017.73
      Required ratio:    0.00 (Cumulative side area) 

    Layer: TopVia1
      Partial area ratio:    0.49
      Required ratio:   20.00 (Gate area) 
      Cumulative area ratio:    1.49
      Required ratio:    0.00 (Cumulative area) 

    Layer: TopMetal1
      Partial area ratio: 1081.93
      Required ratio:    0.00 (Gate area) 
      Cumulative area ratio: 1307.60
      Required ratio: 14172.00 (Cumulative area) 
      Partial area ratio: 2647.92
      Required ratio:    0.00 (Side area) 
      Cumulative area ratio: 3665.65
      Required ratio:    0.00 (Cumulative side area) 


  Pin:   fanout2524/A (sg13g2_buf_1)
    Layer: Via1
      Partial area ratio:    0.20
      Required ratio:   20.00 (Gate area) 
      Cumulative area ratio:    0.20
      Required ratio:    0.00 (Cumulative area) 

    Layer: Metal2
      Partial area ratio:    3.49
      Required ratio:    0.00 (Gate area) 
      Cumulative area ratio:    3.49
      Required ratio:  200.00 (Cumulative area) 
      Partial area ratio:   16.65
      Required ratio:    0.00 (Side area) 
      Cumulative area ratio:   16.65
      Required ratio:    0.00 (Cumulative side area) 

    Layer: Via2
      Partial area ratio:    0.40
      Required ratio:   20.00 (Gate area) 
      Cumulative area ratio:    0.60
      Required ratio:    0.00 (Cumulative area) 

    Layer: Metal3
      Partial area ratio:    0.66
      Required ratio:    0.00 (Gate area) 
      Cumulative area ratio:    4.15
      Required ratio:  200.00 (Cumulative area) 
      Partial area ratio:    4.93
      Required ratio:    0.00 (Side area) 
      Cumulative area ratio:   21.58
      Required ratio:    0.00 (Cumulative side area) 

    Layer: Via3
      Partial area ratio:    0.20
      Required ratio:   20.00 (Gate area) 
      Cumulative area ratio:    0.80
      Required ratio:    0.00 (Cumulative area) 

    Layer: Metal4
      Partial area ratio:    0.34
      Required ratio:    0.00 (Gate area) 
      Cumulative area ratio:    4.48
      Required ratio:  200.00 (Cumulative area) 
      Partial area ratio:    2.49
      Required ratio:    0.00 (Side area) 
      Cumulative area ratio:   24.07
      Required ratio:    0.00 (Cumulative side area) 

    Layer: Via4
      Partial area ratio:    0.20
      Required ratio:   20.00 (Gate area) 
      Cumulative area ratio:    1.00
      Required ratio:    0.00 (Cumulative area) 

    Layer: Metal5
      Partial area ratio:  132.46
      Required ratio:    0.00 (Gate area) 
      Cumulative area ratio:  136.94
      Required ratio: 14172.00 (Cumulative area) 
      Partial area ratio:  594.38
      Required ratio:    0.00 (Side area) 
      Cumulative area ratio:  618.44
      Required ratio:    0.00 (Cumulative side area) 

    Layer: TopVia1
      Partial area ratio:    0.49
      Required ratio:  354.30 (Gate area) 
      Cumulative area ratio:    1.49
      Required ratio:    0.00 (Cumulative area) 

    Layer: TopMetal1
      Partial area ratio: 1081.93
      Required ratio:    0.00 (Gate area) 
      Cumulative area ratio: 1218.87
      Required ratio: 14172.00 (Cumulative area) 
      Partial area ratio: 2647.92
      Required ratio:    0.00 (Side area) 
      Cumulative area ratio: 3266.37
      Required ratio:    0.00 (Cumulative side area) 


  Pin:   fanout2529/A (sg13g2_buf_1)
    Layer: Via1
      Partial area ratio:    0.20
      Required ratio:   20.00 (Gate area) 
      Cumulative area ratio:    0.20
      Required ratio:    0.00 (Cumulative area) 

    Layer: Metal2
      Partial area ratio:    8.19
      Required ratio:    0.00 (Gate area) 
      Cumulative area ratio:    8.19
      Required ratio: 14172.00 (Cumulative area) 
      Partial area ratio:   37.76
      Required ratio:    0.00 (Side area) 
      Cumulative area ratio:   37.76
      Required ratio:    0.00 (Cumulative side area) 

    Layer: Via2
      Partial area ratio:    0.60
      Required ratio:  354.30 (Gate area) 
      Cumulative area ratio:    0.80
      Required ratio:    0.00 (Cumulative area) 

    Layer: Metal3
      Partial area ratio:    0.98
      Required ratio:    0.00 (Gate area) 
      Cumulative area ratio:    9.16
      Required ratio: 14172.00 (Cumulative area) 
      Partial area ratio:    7.37
      Required ratio:    0.00 (Side area) 
      Cumulative area ratio:   45.13
      Required ratio:    0.00 (Cumulative side area) 

    Layer: Via3
      Partial area ratio:    0.20
      Required ratio:  354.30 (Gate area) 
      Cumulative area ratio:    1.00
      Required ratio:    0.00 (Cumulative area) 

    Layer: Metal4
      Partial area ratio:    0.34
      Required ratio:    0.00 (Gate area) 
      Cumulative area ratio:    9.50
      Required ratio: 14172.00 (Cumulative area) 
      Partial area ratio:    2.49
      Required ratio:    0.00 (Side area) 
      Cumulative area ratio:   47.62
      Required ratio:    0.00 (Cumulative side area) 

    Layer: Via4
      Partial area ratio:    0.20
      Required ratio:  354.30 (Gate area) 
      Cumulative area ratio:    1.20
      Required ratio:    0.00 (Cumulative area) 

    Layer: Metal5
      Partial area ratio:  132.46
      Required ratio:    0.00 (Gate area) 
      Cumulative area ratio:  141.96
      Required ratio: 14172.00 (Cumulative area) 
      Partial area ratio:  594.38
      Required ratio:    0.00 (Side area) 
      Cumulative area ratio:  642.00
      Required ratio:    0.00 (Cumulative side area) 

    Layer: TopVia1
      Partial area ratio:    0.49
      Required ratio:  354.30 (Gate area) 
      Cumulative area ratio:    1.69
      Required ratio:    0.00 (Cumulative area) 

    Layer: TopMetal1
      Partial area ratio: 1081.93
      Required ratio:    0.00 (Gate area) 
      Cumulative area ratio: 1223.89
      Required ratio: 14172.00 (Cumulative area) 
      Partial area ratio: 2647.92
      Required ratio:    0.00 (Side area) 
      Cumulative area ratio: 3289.93
      Required ratio:    0.00 (Cumulative side area) 



Net: net2562
  Pin:   fanout2558/A (sg13g2_buf_1)
    Layer: Via1
      Partial area ratio:    0.20
      Required ratio:   20.00 (Gate area) 
      Cumulative area ratio:    0.20
      Required ratio:    0.00 (Cumulative area) 

    Layer: Metal2
      Partial area ratio:    7.22
      Required ratio:    0.00 (Gate area) 
      Cumulative area ratio:    7.22
      Required ratio:  200.00 (Cumulative area) 
      Partial area ratio:   33.46
      Required ratio:    0.00 (Side area) 
      Cumulative area ratio:   33.46
      Required ratio:    0.00 (Cumulative side area) 

    Layer: Via2
      Partial area ratio:    0.40
      Required ratio:   20.00 (Gate area) 
      Cumulative area ratio:    0.60
      Required ratio:    0.00 (Cumulative area) 

    Layer: Metal3
      Partial area ratio:  239.74
      Required ratio:    0.00 (Gate area) 
      Cumulative area ratio:  246.97
      Required ratio:  200.00 (Cumulative area) (VIOLATED)
      Partial area ratio: 1080.80
      Required ratio:    0.00 (Side area) 
      Cumulative area ratio: 1114.26
      Required ratio:    0.00 (Cumulative side area) 

    Layer: Via3
      Partial area ratio:    0.40
      Required ratio:   20.00 (Gate area) 
      Cumulative area ratio:    1.00
      Required ratio:    0.00 (Cumulative area) 

    Layer: Metal4
      Partial area ratio:   62.02
      Required ratio:    0.00 (Gate area) 
      Cumulative area ratio:  308.99
      Required ratio: 14172.00 (Cumulative area) 
      Partial area ratio:  279.59
      Required ratio:    0.00 (Side area) 
      Cumulative area ratio: 1393.84
      Required ratio:    0.00 (Cumulative side area) 


  Pin:   fanout2559/A (sg13g2_buf_1)
    Layer: Via1
      Partial area ratio:    0.20
      Required ratio:   20.00 (Gate area) 
      Cumulative area ratio:    0.20
      Required ratio:    0.00 (Cumulative area) 

    Layer: Metal2
      Partial area ratio:   19.30
      Required ratio:    0.00 (Gate area) 
      Cumulative area ratio:   19.30
      Required ratio:  200.00 (Cumulative area) 
      Partial area ratio:   87.80
      Required ratio:    0.00 (Side area) 
      Cumulative area ratio:   87.80
      Required ratio:    0.00 (Cumulative side area) 

    Layer: Via2
      Partial area ratio:    0.40
      Required ratio:   20.00 (Gate area) 
      Cumulative area ratio:    0.60
      Required ratio:    0.00 (Cumulative area) 

    Layer: Metal3
      Partial area ratio:   40.50
      Required ratio:    0.00 (Gate area) 
      Cumulative area ratio:   59.80
      Required ratio:  200.00 (Cumulative area) 
      Partial area ratio:  184.23
      Required ratio:    0.00 (Side area) 
      Cumulative area ratio:  272.03
      Required ratio:    0.00 (Cumulative side area) 

    Layer: Via3
      Partial area ratio:    0.20
      Required ratio:   20.00 (Gate area) 
      Cumulative area ratio:    0.80
      Required ratio:    0.00 (Cumulative area) 

    Layer: Metal4
      Partial area ratio:   62.02
      Required ratio:    0.00 (Gate area) 
      Cumulative area ratio:  121.82
      Required ratio: 14172.00 (Cumulative area) 
      Partial area ratio:  279.59
      Required ratio:    0.00 (Side area) 
      Cumulative area ratio:  551.62
      Required ratio:    0.00 (Cumulative side area) 


  Pin:   fanout2560/A (sg13g2_buf_1)
    Layer: Via1
      Partial area ratio:    0.20
      Required ratio:   20.00 (Gate area) 
      Cumulative area ratio:    0.20
      Required ratio:    0.00 (Cumulative area) 

    Layer: Metal2
      Partial area ratio:    4.15
      Required ratio:    0.00 (Gate area) 
      Cumulative area ratio:    4.15
      Required ratio:  200.00 (Cumulative area) 
      Partial area ratio:   19.63
      Required ratio:    0.00 (Side area) 
      Cumulative area ratio:   19.63
      Required ratio:    0.00 (Cumulative side area) 

    Layer: Via2
      Partial area ratio:    0.40
      Required ratio:   20.00 (Gate area) 
      Cumulative area ratio:    0.60
      Required ratio:    0.00 (Cumulative area) 

    Layer: Metal3
      Partial area ratio:    0.66
      Required ratio:    0.00 (Gate area) 
      Cumulative area ratio:    4.81
      Required ratio:  200.00 (Cumulative area) 
      Partial area ratio:    4.93
      Required ratio:    0.00 (Side area) 
      Cumulative area ratio:   24.56
      Required ratio:    0.00 (Cumulative side area) 

    Layer: Via3
      Partial area ratio:    0.20
      Required ratio:   20.00 (Gate area) 
      Cumulative area ratio:    0.80
      Required ratio:    0.00 (Cumulative area) 

    Layer: Metal4
      Partial area ratio:   62.02
      Required ratio:    0.00 (Gate area) 
      Cumulative area ratio:   66.83
      Required ratio: 14172.00 (Cumulative area) 
      Partial area ratio:  279.59
      Required ratio:    0.00 (Side area) 
      Cumulative area ratio:  304.15
      Required ratio:    0.00 (Cumulative side area) 


  Pin:   fanout2561/A (sg13g2_buf_1)
    Layer: Via1
      Partial area ratio:    0.20
      Required ratio:   20.00 (Gate area) 
      Cumulative area ratio:    0.20
      Required ratio:    0.00 (Cumulative area) 

    Layer: Metal2
      Partial area ratio:   13.33
      Required ratio:    0.00 (Gate area) 
      Cumulative area ratio:   13.33
      Required ratio: 14172.00 (Cumulative area) 
      Partial area ratio:   60.90
      Required ratio:    0.00 (Side area) 
      Cumulative area ratio:   60.90
      Required ratio:    0.00 (Cumulative side area) 

    Layer: Via2
      Partial area ratio:    0.80
      Required ratio:  354.30 (Gate area) 
      Cumulative area ratio:    1.00
      Required ratio:    0.00 (Cumulative area) 

    Layer: Metal3
      Partial area ratio:    1.32
      Required ratio:    0.00 (Gate area) 
      Cumulative area ratio:   14.65
      Required ratio: 14172.00 (Cumulative area) 
      Partial area ratio:    9.86
      Required ratio:    0.00 (Side area) 
      Cumulative area ratio:   70.76
      Required ratio:    0.00 (Cumulative side area) 

    Layer: Via3
      Partial area ratio:    0.40
      Required ratio:  354.30 (Gate area) 
      Cumulative area ratio:    1.40
      Required ratio:    0.00 (Cumulative area) 

    Layer: Metal4
      Partial area ratio:   62.02
      Required ratio:    0.00 (Gate area) 
      Cumulative area ratio:   76.67
      Required ratio: 14172.00 (Cumulative area) 
      Partial area ratio:  279.59
      Required ratio:    0.00 (Side area) 
      Cumulative area ratio:  350.35
      Required ratio:    0.00 (Cumulative side area) 



Net: net2694
  Pin:   fanout2678/A (sg13g2_buf_1)
    Layer: Via1
      Partial area ratio:    0.20
      Required ratio:   20.00 (Gate area) 
      Cumulative area ratio:    0.20
      Required ratio:    0.00 (Cumulative area) 

    Layer: Metal2
      Partial area ratio:    4.57
      Required ratio:    0.00 (Gate area) 
      Cumulative area ratio:    4.57
      Required ratio:  200.00 (Cumulative area) 
      Partial area ratio:   21.50
      Required ratio:    0.00 (Side area) 
      Cumulative area ratio:   21.50
      Required ratio:    0.00 (Cumulative side area) 

    Layer: Via2
      Partial area ratio:    0.40
      Required ratio:   20.00 (Gate area) 
      Cumulative area ratio:    0.60
      Required ratio:    0.00 (Cumulative area) 

    Layer: Metal3
      Partial area ratio:  195.73
      Required ratio:    0.00 (Gate area) 
      Cumulative area ratio:  200.30
      Required ratio:  200.00 (Cumulative area) (VIOLATED)
      Partial area ratio:  882.27
      Required ratio:    0.00 (Side area) 
      Cumulative area ratio:  903.77
      Required ratio:    0.00 (Cumulative side area) 

    Layer: Via3
      Partial area ratio:    0.10
      Required ratio:   20.00 (Gate area) 
      Cumulative area ratio:    0.70
      Required ratio:    0.00 (Cumulative area) 

    Layer: Metal4
      Partial area ratio:  138.27
      Required ratio:    0.00 (Gate area) 
      Cumulative area ratio:  338.57
      Required ratio: 14172.00 (Cumulative area) 
      Partial area ratio:  622.55
      Required ratio:    0.00 (Side area) 
      Cumulative area ratio: 1526.32
      Required ratio:    0.00 (Cumulative side area) 

    Layer: Via4
      Partial area ratio:    0.07
      Required ratio:  354.30 (Gate area) 
      Cumulative area ratio:    0.77
      Required ratio:    0.00 (Cumulative area) 

    Layer: Metal5
      Partial area ratio:   93.80
      Required ratio:    0.00 (Gate area) 
      Cumulative area ratio:  432.37
      Required ratio: 14172.00 (Cumulative area) 
      Partial area ratio:  422.58
      Required ratio:    0.00 (Side area) 
      Cumulative area ratio: 1948.91
      Required ratio:    0.00 (Cumulative side area) 


  Pin:   fanout2683/A (sg13g2_buf_1)
    Layer: Via1
      Partial area ratio:    0.20
      Required ratio:   20.00 (Gate area) 
      Cumulative area ratio:    0.20
      Required ratio:    0.00 (Cumulative area) 

    Layer: Metal2
      Partial area ratio:   42.67
      Required ratio:    0.00 (Gate area) 
      Cumulative area ratio:   42.67
      Required ratio:  200.00 (Cumulative area) 
      Partial area ratio:  192.98
      Required ratio:    0.00 (Side area) 
      Cumulative area ratio:  192.98
      Required ratio:    0.00 (Cumulative side area) 

    Layer: Via2
      Partial area ratio:    0.40
      Required ratio:   20.00 (Gate area) 
      Cumulative area ratio:    0.60
      Required ratio:    0.00 (Cumulative area) 

    Layer: Metal3
      Partial area ratio:  195.73
      Required ratio:    0.00 (Gate area) 
      Cumulative area ratio:  238.40
      Required ratio:  200.00 (Cumulative area) (VIOLATED)
      Partial area ratio:  882.27
      Required ratio:    0.00 (Side area) 
      Cumulative area ratio: 1075.25
      Required ratio:    0.00 (Cumulative side area) 

    Layer: Via3
      Partial area ratio:    0.10
      Required ratio:   20.00 (Gate area) 
      Cumulative area ratio:    0.70
      Required ratio:    0.00 (Cumulative area) 

    Layer: Metal4
      Partial area ratio:  138.27
      Required ratio:    0.00 (Gate area) 
      Cumulative area ratio:  376.68
      Required ratio: 14172.00 (Cumulative area) 
      Partial area ratio:  622.55
      Required ratio:    0.00 (Side area) 
      Cumulative area ratio: 1697.81
      Required ratio:    0.00 (Cumulative side area) 

    Layer: Via4
      Partial area ratio:    0.07
      Required ratio:  354.30 (Gate area) 
      Cumulative area ratio:    0.77
      Required ratio:    0.00 (Cumulative area) 

    Layer: Metal5
      Partial area ratio:   93.80
      Required ratio:    0.00 (Gate area) 
      Cumulative area ratio:  470.47
      Required ratio: 14172.00 (Cumulative area) 
      Partial area ratio:  422.58
      Required ratio:    0.00 (Side area) 
      Cumulative area ratio: 2120.39
      Required ratio:    0.00 (Cumulative side area) 


  Pin:   fanout2688/A (sg13g2_buf_1)
    Layer: Via1
      Partial area ratio:    0.20
      Required ratio:   20.00 (Gate area) 
      Cumulative area ratio:    0.20
      Required ratio:    0.00 (Cumulative area) 

    Layer: Metal2
      Partial area ratio:    4.29
      Required ratio:    0.00 (Gate area) 
      Cumulative area ratio:    4.29
      Required ratio:  200.00 (Cumulative area) 
      Partial area ratio:   20.26
      Required ratio:    0.00 (Side area) 
      Cumulative area ratio:   20.26
      Required ratio:    0.00 (Cumulative side area) 

    Layer: Via2
      Partial area ratio:    0.40
      Required ratio:   20.00 (Gate area) 
      Cumulative area ratio:    0.60
      Required ratio:    0.00 (Cumulative area) 

    Layer: Metal3
      Partial area ratio:    0.66
      Required ratio:    0.00 (Gate area) 
      Cumulative area ratio:    4.95
      Required ratio:  200.00 (Cumulative area) 
      Partial area ratio:    4.93
      Required ratio:    0.00 (Side area) 
      Cumulative area ratio:   25.19
      Required ratio:    0.00 (Cumulative side area) 

    Layer: Via3
      Partial area ratio:    0.20
      Required ratio:   20.00 (Gate area) 
      Cumulative area ratio:    0.80
      Required ratio:    0.00 (Cumulative area) 

    Layer: Metal4
      Partial area ratio:    0.34
      Required ratio:    0.00 (Gate area) 
      Cumulative area ratio:    5.29
      Required ratio:  200.00 (Cumulative area) 
      Partial area ratio:    2.49
      Required ratio:    0.00 (Side area) 
      Cumulative area ratio:   27.68
      Required ratio:    0.00 (Cumulative side area) 

    Layer: Via4
      Partial area ratio:    0.20
      Required ratio:   20.00 (Gate area) 
      Cumulative area ratio:    1.00
      Required ratio:    0.00 (Cumulative area) 

    Layer: Metal5
      Partial area ratio:   93.80
      Required ratio:    0.00 (Gate area) 
      Cumulative area ratio:   99.08
      Required ratio: 14172.00 (Cumulative area) 
      Partial area ratio:  422.58
      Required ratio:    0.00 (Side area) 
      Cumulative area ratio:  450.26
      Required ratio:    0.00 (Cumulative side area) 


  Pin:   fanout2693/A (sg13g2_buf_1)
    Layer: Via1
      Partial area ratio:    0.20
      Required ratio:   20.00 (Gate area) 
      Cumulative area ratio:    0.20
      Required ratio:    0.00 (Cumulative area) 

    Layer: Metal2
      Partial area ratio:    6.63
      Required ratio:    0.00 (Gate area) 
      Cumulative area ratio:    6.63
      Required ratio: 14172.00 (Cumulative area) 
      Partial area ratio:   30.27
      Required ratio:    0.00 (Side area) 
      Cumulative area ratio:   30.27
      Required ratio:    0.00 (Cumulative side area) 

    Layer: Via2
      Partial area ratio:    0.44
      Required ratio:  354.30 (Gate area) 
      Cumulative area ratio:    0.64
      Required ratio:    0.00 (Cumulative area) 

    Layer: Metal3
      Partial area ratio:    0.69
      Required ratio:    0.00 (Gate area) 
      Cumulative area ratio:    7.32
      Required ratio: 14172.00 (Cumulative area) 
      Partial area ratio:    3.59
      Required ratio:    0.00 (Side area) 
      Cumulative area ratio:   33.86
      Required ratio:    0.00 (Cumulative side area) 

    Layer: Via3
      Partial area ratio:    0.20
      Required ratio:  354.30 (Gate area) 
      Cumulative area ratio:    0.84
      Required ratio:    0.00 (Cumulative area) 

    Layer: Metal4
      Partial area ratio:  138.27
      Required ratio:    0.00 (Gate area) 
      Cumulative area ratio:  145.59
      Required ratio: 14172.00 (Cumulative area) 
      Partial area ratio:  622.55
      Required ratio:    0.00 (Side area) 
      Cumulative area ratio:  656.41
      Required ratio:    0.00 (Cumulative side area) 

    Layer: Via4
      Partial area ratio:    0.07
      Required ratio:  354.30 (Gate area) 
      Cumulative area ratio:    0.91
      Required ratio:    0.00 (Cumulative area) 

    Layer: Metal5
      Partial area ratio:   93.80
      Required ratio:    0.00 (Gate area) 
      Cumulative area ratio:  239.38
      Required ratio: 14172.00 (Cumulative area) 
      Partial area ratio:  422.58
      Required ratio:    0.00 (Side area) 
      Cumulative area ratio: 1078.99
      Required ratio:    0.00 (Cumulative side area) 



Net: net3593
  Pin:   fanout3576/A (sg13g2_buf_1)
    Layer: Via1
      Partial area ratio:    0.20
      Required ratio:   20.00 (Gate area) 
      Cumulative area ratio:    0.20
      Required ratio:    0.00 (Cumulative area) 

    Layer: Metal2
      Partial area ratio:   27.27
      Required ratio:    0.00 (Gate area) 
      Cumulative area ratio:   27.27
      Required ratio:  200.00 (Cumulative area) 
      Partial area ratio:  123.66
      Required ratio:    0.00 (Side area) 
      Cumulative area ratio:  123.66
      Required ratio:    0.00 (Cumulative side area) 

    Layer: Via2
      Partial area ratio:    0.40
      Required ratio:   20.00 (Gate area) 
      Cumulative area ratio:    0.60
      Required ratio:    0.00 (Cumulative area) 

    Layer: Metal3
      Partial area ratio:   32.53
      Required ratio:    0.00 (Gate area) 
      Cumulative area ratio:   59.80
      Required ratio:  200.00 (Cumulative area) 
      Partial area ratio:  148.37
      Required ratio:    0.00 (Side area) 
      Cumulative area ratio:  272.03
      Required ratio:    0.00 (Cumulative side area) 

    Layer: Via3
      Partial area ratio:    0.20
      Required ratio:   20.00 (Gate area) 
      Cumulative area ratio:    0.80
      Required ratio:    0.00 (Cumulative area) 

    Layer: Metal4
      Partial area ratio:  104.03
      Required ratio:    0.00 (Gate area) 
      Cumulative area ratio:  163.83
      Required ratio:  200.00 (Cumulative area) 
      Partial area ratio:  469.10
      Required ratio:    0.00 (Side area) 
      Cumulative area ratio:  741.13
      Required ratio:    0.00 (Cumulative side area) 

    Layer: Via4
      Partial area ratio:    0.20
      Required ratio:   20.00 (Gate area) 
      Cumulative area ratio:    1.00
      Required ratio:    0.00 (Cumulative area) 

    Layer: Metal5
      Partial area ratio:    8.79
      Required ratio:    0.00 (Gate area) 
      Cumulative area ratio:  172.62
      Required ratio:  200.00 (Cumulative area) 
      Partial area ratio:   38.73
      Required ratio:    0.00 (Side area) 
      Cumulative area ratio:  779.87
      Required ratio:    0.00 (Cumulative side area) 

    Layer: TopVia1
      Partial area ratio:    0.33
      Required ratio:   20.00 (Gate area) 
      Cumulative area ratio:    1.32
      Required ratio:    0.00 (Cumulative area) 

    Layer: TopMetal1
      Partial area ratio:  368.91
      Required ratio:    0.00 (Gate area) 
      Cumulative area ratio:  541.53
      Required ratio: 14172.00 (Cumulative area) 
      Partial area ratio:  907.05
      Required ratio:    0.00 (Side area) 
      Cumulative area ratio: 1686.92
      Required ratio:    0.00 (Cumulative side area) 


  Pin:   fanout3582/A (sg13g2_buf_1)
    Layer: Via1
      Partial area ratio:    0.20
      Required ratio:   20.00 (Gate area) 
      Cumulative area ratio:    0.20
      Required ratio:    0.00 (Cumulative area) 

    Layer: Metal2
      Partial area ratio:    4.17
      Required ratio:    0.00 (Gate area) 
      Cumulative area ratio:    4.17
      Required ratio:  200.00 (Cumulative area) 
      Partial area ratio:   19.71
      Required ratio:    0.00 (Side area) 
      Cumulative area ratio:   19.71
      Required ratio:    0.00 (Cumulative side area) 

    Layer: Via2
      Partial area ratio:    0.40
      Required ratio:   20.00 (Gate area) 
      Cumulative area ratio:    0.60
      Required ratio:    0.00 (Cumulative area) 

    Layer: Metal3
      Partial area ratio:   72.38
      Required ratio:    0.00 (Gate area) 
      Cumulative area ratio:   76.55
      Required ratio:  200.00 (Cumulative area) 
      Partial area ratio:  327.68
      Required ratio:    0.00 (Side area) 
      Cumulative area ratio:  347.38
      Required ratio:    0.00 (Cumulative side area) 

    Layer: Via3
      Partial area ratio:    0.20
      Required ratio:   20.00 (Gate area) 
      Cumulative area ratio:    0.80
      Required ratio:    0.00 (Cumulative area) 

    Layer: Metal4
      Partial area ratio:  123.74
      Required ratio:    0.00 (Gate area) 
      Cumulative area ratio:  200.29
      Required ratio:  200.00 (Cumulative area) (VIOLATED)
      Partial area ratio:  557.31
      Required ratio:    0.00 (Side area) 
      Cumulative area ratio:  904.69
      Required ratio:    0.00 (Cumulative side area) 

    Layer: Via4
      Partial area ratio:    0.20
      Required ratio:   20.00 (Gate area) 
      Cumulative area ratio:    1.00
      Required ratio:    0.00 (Cumulative area) 

    Layer: Metal5
      Partial area ratio:    8.79
      Required ratio:    0.00 (Gate area) 
      Cumulative area ratio:  209.07
      Required ratio:  200.00 (Cumulative area) (VIOLATED)
      Partial area ratio:   38.73
      Required ratio:    0.00 (Side area) 
      Cumulative area ratio:  943.42
      Required ratio:    0.00 (Cumulative side area) 

    Layer: TopVia1
      Partial area ratio:    0.33
      Required ratio:   20.00 (Gate area) 
      Cumulative area ratio:    1.32
      Required ratio:    0.00 (Cumulative area) 

    Layer: TopMetal1
      Partial area ratio:  368.91
      Required ratio:    0.00 (Gate area) 
      Cumulative area ratio:  577.99
      Required ratio: 14172.00 (Cumulative area) 
      Partial area ratio:  907.05
      Required ratio:    0.00 (Side area) 
      Cumulative area ratio: 1850.47
      Required ratio:    0.00 (Cumulative side area) 


  Pin:   fanout3585/A (sg13g2_buf_1)
    Layer: Via1
      Partial area ratio:    0.20
      Required ratio:   20.00 (Gate area) 
      Cumulative area ratio:    0.20
      Required ratio:    0.00 (Cumulative area) 

    Layer: Metal2
      Partial area ratio:    1.23
      Required ratio:    0.00 (Gate area) 
      Cumulative area ratio:    1.23
      Required ratio:  200.00 (Cumulative area) 
      Partial area ratio:    6.48
      Required ratio:    0.00 (Side area) 
      Cumulative area ratio:    6.48
      Required ratio:    0.00 (Cumulative side area) 

    Layer: Via2
      Partial area ratio:    0.40
      Required ratio:   20.00 (Gate area) 
      Cumulative area ratio:    0.60
      Required ratio:    0.00 (Cumulative area) 

    Layer: Metal3
      Partial area ratio:    0.66
      Required ratio:    0.00 (Gate area) 
      Cumulative area ratio:    1.89
      Required ratio:  200.00 (Cumulative area) 
      Partial area ratio:    4.93
      Required ratio:    0.00 (Side area) 
      Cumulative area ratio:   11.42
      Required ratio:    0.00 (Cumulative side area) 

    Layer: Via3
      Partial area ratio:    0.20
      Required ratio:   20.00 (Gate area) 
      Cumulative area ratio:    0.80
      Required ratio:    0.00 (Cumulative area) 

    Layer: Metal4
      Partial area ratio:  123.74
      Required ratio:    0.00 (Gate area) 
      Cumulative area ratio:  125.63
      Required ratio:  200.00 (Cumulative area) 
      Partial area ratio:  557.31
      Required ratio:    0.00 (Side area) 
      Cumulative area ratio:  568.72
      Required ratio:    0.00 (Cumulative side area) 

    Layer: Via4
      Partial area ratio:    0.20
      Required ratio:   20.00 (Gate area) 
      Cumulative area ratio:    1.00
      Required ratio:    0.00 (Cumulative area) 

    Layer: Metal5
      Partial area ratio:    8.79
      Required ratio:    0.00 (Gate area) 
      Cumulative area ratio:  134.41
      Required ratio:  200.00 (Cumulative area) 
      Partial area ratio:   38.73
      Required ratio:    0.00 (Side area) 
      Cumulative area ratio:  607.46
      Required ratio:    0.00 (Cumulative side area) 

    Layer: TopVia1
      Partial area ratio:    0.33
      Required ratio:   20.00 (Gate area) 
      Cumulative area ratio:    1.32
      Required ratio:    0.00 (Cumulative area) 

    Layer: TopMetal1
      Partial area ratio:  368.91
      Required ratio:    0.00 (Gate area) 
      Cumulative area ratio:  503.33
      Required ratio: 14172.00 (Cumulative area) 
      Partial area ratio:  907.05
      Required ratio:    0.00 (Side area) 
      Cumulative area ratio: 1514.51
      Required ratio:    0.00 (Cumulative side area) 


  Pin:   fanout3587/A (sg13g2_buf_1)
    Layer: Via1
      Partial area ratio:    0.20
      Required ratio:   20.00 (Gate area) 
      Cumulative area ratio:    0.20
      Required ratio:    0.00 (Cumulative area) 

    Layer: Metal2
      Partial area ratio:    6.68
      Required ratio:    0.00 (Gate area) 
      Cumulative area ratio:    6.68
      Required ratio:  200.00 (Cumulative area) 
      Partial area ratio:   31.01
      Required ratio:    0.00 (Side area) 
      Cumulative area ratio:   31.01
      Required ratio:    0.00 (Cumulative side area) 

    Layer: Via2
      Partial area ratio:    0.40
      Required ratio:   20.00 (Gate area) 
      Cumulative area ratio:    0.60
      Required ratio:    0.00 (Cumulative area) 

    Layer: Metal3
      Partial area ratio:   48.62
      Required ratio:    0.00 (Gate area) 
      Cumulative area ratio:   55.31
      Required ratio: 14172.00 (Cumulative area) 
      Partial area ratio:  221.29
      Required ratio:    0.00 (Side area) 
      Cumulative area ratio:  252.30
      Required ratio:    0.00 (Cumulative side area) 

    Layer: Via3
      Partial area ratio:    0.10
      Required ratio:  354.30 (Gate area) 
      Cumulative area ratio:    0.70
      Required ratio:    0.00 (Cumulative area) 

    Layer: Metal4
      Partial area ratio:    0.17
      Required ratio:    0.00 (Gate area) 
      Cumulative area ratio:   55.47
      Required ratio: 14172.00 (Cumulative area) 
      Partial area ratio:    1.25
      Required ratio:    0.00 (Side area) 
      Cumulative area ratio:  253.55
      Required ratio:    0.00 (Cumulative side area) 

    Layer: Via4
      Partial area ratio:    0.10
      Required ratio:  354.30 (Gate area) 
      Cumulative area ratio:    0.80
      Required ratio:    0.00 (Cumulative area) 

    Layer: Metal5
      Partial area ratio:    1.06
      Required ratio:    0.00 (Gate area) 
      Cumulative area ratio:   56.54
      Required ratio: 14172.00 (Cumulative area) 
      Partial area ratio:    3.09
      Required ratio:    0.00 (Side area) 
      Cumulative area ratio:  256.64
      Required ratio:    0.00 (Cumulative side area) 

    Layer: TopVia1
      Partial area ratio:    0.49
      Required ratio:  354.30 (Gate area) 
      Cumulative area ratio:    1.29
      Required ratio:    0.00 (Cumulative area) 

    Layer: TopMetal1
      Partial area ratio:  368.91
      Required ratio:    0.00 (Gate area) 
      Cumulative area ratio:  425.45
      Required ratio: 14172.00 (Cumulative area) 
      Partial area ratio:  907.05
      Required ratio:    0.00 (Side area) 
      Cumulative area ratio: 1163.69
      Required ratio:    0.00 (Cumulative side area) 


  Pin:   fanout3592/A (sg13g2_buf_1)
    Layer: Via1
      Partial area ratio:    0.20
      Required ratio:   20.00 (Gate area) 
      Cumulative area ratio:    0.20
      Required ratio:    0.00 (Cumulative area) 

    Layer: Metal2
      Partial area ratio:    0.98
      Required ratio:    0.00 (Gate area) 
      Cumulative area ratio:    0.98
      Required ratio:  200.00 (Cumulative area) 
      Partial area ratio:    5.34
      Required ratio:    0.00 (Side area) 
      Cumulative area ratio:    5.34
      Required ratio:    0.00 (Cumulative side area) 

    Layer: Via2
      Partial area ratio:    0.40
      Required ratio:   20.00 (Gate area) 
      Cumulative area ratio:    0.60
      Required ratio:    0.00 (Cumulative area) 

    Layer: Metal3
      Partial area ratio:   48.62
      Required ratio:    0.00 (Gate area) 
      Cumulative area ratio:   49.60
      Required ratio: 14172.00 (Cumulative area) 
      Partial area ratio:  221.29
      Required ratio:    0.00 (Side area) 
      Cumulative area ratio:  226.63
      Required ratio:    0.00 (Cumulative side area) 

    Layer: Via3
      Partial area ratio:    0.10
      Required ratio:  354.30 (Gate area) 
      Cumulative area ratio:    0.70
      Required ratio:    0.00 (Cumulative area) 

    Layer: Metal4
      Partial area ratio:    0.17
      Required ratio:    0.00 (Gate area) 
      Cumulative area ratio:   49.77
      Required ratio: 14172.00 (Cumulative area) 
      Partial area ratio:    1.25
      Required ratio:    0.00 (Side area) 
      Cumulative area ratio:  227.88
      Required ratio:    0.00 (Cumulative side area) 

    Layer: Via4
      Partial area ratio:    0.10
      Required ratio:  354.30 (Gate area) 
      Cumulative area ratio:    0.80
      Required ratio:    0.00 (Cumulative area) 

    Layer: Metal5
      Partial area ratio:    1.06
      Required ratio:    0.00 (Gate area) 
      Cumulative area ratio:   50.83
      Required ratio: 14172.00 (Cumulative area) 
      Partial area ratio:    3.09
      Required ratio:    0.00 (Side area) 
      Cumulative area ratio:  230.97
      Required ratio:    0.00 (Cumulative side area) 

    Layer: TopVia1
      Partial area ratio:    0.49
      Required ratio:  354.30 (Gate area) 
      Cumulative area ratio:    1.29
      Required ratio:    0.00 (Cumulative area) 

    Layer: TopMetal1
      Partial area ratio:  368.91
      Required ratio:    0.00 (Gate area) 
      Cumulative area ratio:  419.75
      Required ratio: 14172.00 (Cumulative area) 
      Partial area ratio:  907.05
      Required ratio:    0.00 (Side area) 
      Cumulative area ratio: 1138.02
      Required ratio:    0.00 (Cumulative side area) 



Net: net3649
  Pin:   fanout3609/A (sg13g2_buf_1)
    Layer: Via1
      Partial area ratio:    0.20
      Required ratio:   20.00 (Gate area) 
      Cumulative area ratio:    0.20
      Required ratio:    0.00 (Cumulative area) 

    Layer: Metal2
      Partial area ratio:    4.70
      Required ratio:    0.00 (Gate area) 
      Cumulative area ratio:    4.70
      Required ratio:  200.00 (Cumulative area) 
      Partial area ratio:   22.10
      Required ratio:    0.00 (Side area) 
      Cumulative area ratio:   22.10
      Required ratio:    0.00 (Cumulative side area) 

    Layer: Via2
      Partial area ratio:    0.40
      Required ratio:   20.00 (Gate area) 
      Cumulative area ratio:    0.60
      Required ratio:    0.00 (Cumulative area) 

    Layer: Metal3
      Partial area ratio:    0.66
      Required ratio:    0.00 (Gate area) 
      Cumulative area ratio:    5.36
      Required ratio:  200.00 (Cumulative area) 
      Partial area ratio:    4.93
      Required ratio:    0.00 (Side area) 
      Cumulative area ratio:   27.03
      Required ratio:    0.00 (Cumulative side area) 

    Layer: Via3
      Partial area ratio:    0.20
      Required ratio:   20.00 (Gate area) 
      Cumulative area ratio:    0.80
      Required ratio:    0.00 (Cumulative area) 

    Layer: Metal4
      Partial area ratio:  231.53
      Required ratio:    0.00 (Gate area) 
      Cumulative area ratio:  236.89
      Required ratio:  200.00 (Cumulative area) (VIOLATED)
      Partial area ratio: 1042.87
      Required ratio:    0.00 (Side area) 
      Cumulative area ratio: 1069.90
      Required ratio:    0.00 (Cumulative side area) 

    Layer: Via4
      Partial area ratio:    0.20
      Required ratio:   20.00 (Gate area) 
      Cumulative area ratio:    1.00
      Required ratio:    0.00 (Cumulative area) 

    Layer: Metal5
      Partial area ratio:   41.92
      Required ratio:    0.00 (Gate area) 
      Cumulative area ratio:  278.81
      Required ratio: 14172.00 (Cumulative area) 
      Partial area ratio:  188.88
      Required ratio:    0.00 (Side area) 
      Cumulative area ratio: 1258.78
      Required ratio:    0.00 (Cumulative side area) 


  Pin:   fanout3615/A (sg13g2_buf_1)
    Layer: Via1
      Partial area ratio:    0.20
      Required ratio:   20.00 (Gate area) 
      Cumulative area ratio:    0.20
      Required ratio:    0.00 (Cumulative area) 

    Layer: Metal2
      Partial area ratio:    4.03
      Required ratio:    0.00 (Gate area) 
      Cumulative area ratio:    4.03
      Required ratio:  200.00 (Cumulative area) 
      Partial area ratio:   19.07
      Required ratio:    0.00 (Side area) 
      Cumulative area ratio:   19.07
      Required ratio:    0.00 (Cumulative side area) 

    Layer: Via2
      Partial area ratio:    0.40
      Required ratio:   20.00 (Gate area) 
      Cumulative area ratio:    0.60
      Required ratio:    0.00 (Cumulative area) 

    Layer: Metal3
      Partial area ratio:    0.66
      Required ratio:    0.00 (Gate area) 
      Cumulative area ratio:    4.68
      Required ratio:  200.00 (Cumulative area) 
      Partial area ratio:    4.93
      Required ratio:    0.00 (Side area) 
      Cumulative area ratio:   24.00
      Required ratio:    0.00 (Cumulative side area) 

    Layer: Via3
      Partial area ratio:    0.20
      Required ratio:   20.00 (Gate area) 
      Cumulative area ratio:    0.80
      Required ratio:    0.00 (Cumulative area) 

    Layer: Metal4
      Partial area ratio:    0.34
      Required ratio:    0.00 (Gate area) 
      Cumulative area ratio:    5.02
      Required ratio:  200.00 (Cumulative area) 
      Partial area ratio:    2.49
      Required ratio:    0.00 (Side area) 
      Cumulative area ratio:   26.49
      Required ratio:    0.00 (Cumulative side area) 

    Layer: Via4
      Partial area ratio:    0.20
      Required ratio:   20.00 (Gate area) 
      Cumulative area ratio:    1.00
      Required ratio:    0.00 (Cumulative area) 

    Layer: Metal5
      Partial area ratio:   41.92
      Required ratio:    0.00 (Gate area) 
      Cumulative area ratio:   46.94
      Required ratio: 14172.00 (Cumulative area) 
      Partial area ratio:  188.88
      Required ratio:    0.00 (Side area) 
      Cumulative area ratio:  215.36
      Required ratio:    0.00 (Cumulative side area) 


  Pin:   fanout3620/A (sg13g2_buf_1)
    Layer: Via1
      Partial area ratio:    0.20
      Required ratio:   20.00 (Gate area) 
      Cumulative area ratio:    0.20
      Required ratio:    0.00 (Cumulative area) 

    Layer: Metal2
      Partial area ratio:   12.83
      Required ratio:    0.00 (Gate area) 
      Cumulative area ratio:   12.83
      Required ratio: 14172.00 (Cumulative area) 
      Partial area ratio:   58.66
      Required ratio:    0.00 (Side area) 
      Cumulative area ratio:   58.66
      Required ratio:    0.00 (Cumulative side area) 

    Layer: Via2
      Partial area ratio:    0.60
      Required ratio:  354.30 (Gate area) 
      Cumulative area ratio:    0.80
      Required ratio:    0.00 (Cumulative area) 

    Layer: Metal3
      Partial area ratio:   48.46
      Required ratio:    0.00 (Gate area) 
      Cumulative area ratio:   61.29
      Required ratio: 14172.00 (Cumulative area) 
      Partial area ratio:  220.07
      Required ratio:    0.00 (Side area) 
      Cumulative area ratio:  278.73
      Required ratio:    0.00 (Cumulative side area) 

    Layer: Via3
      Partial area ratio:    0.10
      Required ratio:  354.30 (Gate area) 
      Cumulative area ratio:    0.90
      Required ratio:    0.00 (Cumulative area) 

    Layer: Metal4
      Partial area ratio:    4.20
      Required ratio:    0.00 (Gate area) 
      Cumulative area ratio:   65.49
      Required ratio: 14172.00 (Cumulative area) 
      Partial area ratio:   19.39
      Required ratio:    0.00 (Side area) 
      Cumulative area ratio:  298.11
      Required ratio:    0.00 (Cumulative side area) 

    Layer: Via4
      Partial area ratio:    0.10
      Required ratio:  354.30 (Gate area) 
      Cumulative area ratio:    1.00
      Required ratio:    0.00 (Cumulative area) 

    Layer: Metal5
      Partial area ratio:   41.92
      Required ratio:    0.00 (Gate area) 
      Cumulative area ratio:  107.41
      Required ratio: 14172.00 (Cumulative area) 
      Partial area ratio:  188.88
      Required ratio:    0.00 (Side area) 
      Cumulative area ratio:  486.99
      Required ratio:    0.00 (Cumulative side area) 


  Pin:   fanout3648/A (sg13g2_buf_1)
    Layer: Via1
      Partial area ratio:    0.20
      Required ratio:   20.00 (Gate area) 
      Cumulative area ratio:    0.20
      Required ratio:    0.00 (Cumulative area) 

    Layer: Metal2
      Partial area ratio:    6.14
      Required ratio:    0.00 (Gate area) 
      Cumulative area ratio:    6.14
      Required ratio:  200.00 (Cumulative area) 
      Partial area ratio:   28.60
      Required ratio:    0.00 (Side area) 
      Cumulative area ratio:   28.60
      Required ratio:    0.00 (Cumulative side area) 

    Layer: Via2
      Partial area ratio:    0.40
      Required ratio:   20.00 (Gate area) 
      Cumulative area ratio:    0.60
      Required ratio:    0.00 (Cumulative area) 

    Layer: Metal3
      Partial area ratio:   48.46
      Required ratio:    0.00 (Gate area) 
      Cumulative area ratio:   54.61
      Required ratio: 14172.00 (Cumulative area) 
      Partial area ratio:  220.07
      Required ratio:    0.00 (Side area) 
      Cumulative area ratio:  248.67
      Required ratio:    0.00 (Cumulative side area) 

    Layer: Via3
      Partial area ratio:    0.10
      Required ratio:  354.30 (Gate area) 
      Cumulative area ratio:    0.70
      Required ratio:    0.00 (Cumulative area) 

    Layer: Metal4
      Partial area ratio:    4.20
      Required ratio:    0.00 (Gate area) 
      Cumulative area ratio:   58.81
      Required ratio: 14172.00 (Cumulative area) 
      Partial area ratio:   19.39
      Required ratio:    0.00 (Side area) 
      Cumulative area ratio:  268.06
      Required ratio:    0.00 (Cumulative side area) 

    Layer: Via4
      Partial area ratio:    0.10
      Required ratio:  354.30 (Gate area) 
      Cumulative area ratio:    0.80
      Required ratio:    0.00 (Cumulative area) 

    Layer: Metal5
      Partial area ratio:   41.92
      Required ratio:    0.00 (Gate area) 
      Cumulative area ratio:  100.73
      Required ratio: 14172.00 (Cumulative area) 
      Partial area ratio:  188.88
      Required ratio:    0.00 (Side area) 
      Cumulative area ratio:  456.94
      Required ratio:    0.00 (Cumulative side area) 



Net: net4556
  Pin:   fanout4550/A (sg13g2_buf_1)
    Layer: Via1
      Partial area ratio:    0.20
      Required ratio:   20.00 (Gate area) 
      Cumulative area ratio:    0.20
      Required ratio:    0.00 (Cumulative area) 

    Layer: Metal2
      Partial area ratio:    3.64
      Required ratio:    0.00 (Gate area) 
      Cumulative area ratio:    3.64
      Required ratio:  200.00 (Cumulative area) 
      Partial area ratio:   17.32
      Required ratio:    0.00 (Side area) 
      Cumulative area ratio:   17.32
      Required ratio:    0.00 (Cumulative side area) 

    Layer: Via2
      Partial area ratio:    0.40
      Required ratio:   20.00 (Gate area) 
      Cumulative area ratio:    0.60
      Required ratio:    0.00 (Cumulative area) 

    Layer: Metal3
      Partial area ratio:   24.89
      Required ratio:    0.00 (Gate area) 
      Cumulative area ratio:   28.52
      Required ratio: 14172.00 (Cumulative area) 
      Partial area ratio:  114.95
      Required ratio:    0.00 (Side area) 
      Cumulative area ratio:  132.28
      Required ratio:    0.00 (Cumulative side area) 

    Layer: Via3
      Partial area ratio:    0.20
      Required ratio:  354.30 (Gate area) 
      Cumulative area ratio:    0.80
      Required ratio:    0.00 (Cumulative area) 

    Layer: Metal4
      Partial area ratio:    6.08
      Required ratio:    0.00 (Gate area) 
      Cumulative area ratio:   34.61
      Required ratio: 14172.00 (Cumulative area) 
      Partial area ratio:   27.62
      Required ratio:    0.00 (Side area) 
      Cumulative area ratio:  159.89
      Required ratio:    0.00 (Cumulative side area) 


  Pin:   fanout4552/A (sg13g2_buf_1)
    Layer: Via1
      Partial area ratio:    0.20
      Required ratio:   20.00 (Gate area) 
      Cumulative area ratio:    0.20
      Required ratio:    0.00 (Cumulative area) 

    Layer: Metal2
      Partial area ratio:  152.33
      Required ratio:    0.00 (Gate area) 
      Cumulative area ratio:  152.33
      Required ratio:  200.00 (Cumulative area) 
      Partial area ratio:  686.37
      Required ratio:    0.00 (Side area) 
      Cumulative area ratio:  686.37
      Required ratio:    0.00 (Cumulative side area) 

    Layer: Via2
      Partial area ratio:    0.80
      Required ratio:   20.00 (Gate area) 
      Cumulative area ratio:    1.00
      Required ratio:    0.00 (Cumulative area) 

    Layer: Metal3
      Partial area ratio:   64.51
      Required ratio:    0.00 (Gate area) 
      Cumulative area ratio:  216.83
      Required ratio:  200.00 (Cumulative area) (VIOLATED)
      Partial area ratio:  292.60
      Required ratio:    0.00 (Side area) 
      Cumulative area ratio:  978.97
      Required ratio:    0.00 (Cumulative side area) 

    Layer: Via3
      Partial area ratio:    0.07
      Required ratio:   20.00 (Gate area) 
      Cumulative area ratio:    1.07
      Required ratio:    0.00 (Cumulative area) 

    Layer: Metal4
      Partial area ratio:    6.08
      Required ratio:    0.00 (Gate area) 
      Cumulative area ratio:  222.91
      Required ratio: 14172.00 (Cumulative area) 
      Partial area ratio:   27.62
      Required ratio:    0.00 (Side area) 
      Cumulative area ratio: 1006.58
      Required ratio:    0.00 (Cumulative side area) 


  Pin:   fanout4553/A (sg13g2_buf_1)
    Layer: Via1
      Partial area ratio:    0.20
      Required ratio:   20.00 (Gate area) 
      Cumulative area ratio:    0.20
      Required ratio:    0.00 (Cumulative area) 

    Layer: Metal2
      Partial area ratio:    6.15
      Required ratio:    0.00 (Gate area) 
      Cumulative area ratio:    6.15
      Required ratio:  200.00 (Cumulative area) 
      Partial area ratio:   28.65
      Required ratio:    0.00 (Side area) 
      Cumulative area ratio:   28.65
      Required ratio:    0.00 (Cumulative side area) 

    Layer: Via2
      Partial area ratio:    0.40
      Required ratio:   20.00 (Gate area) 
      Cumulative area ratio:    0.60
      Required ratio:    0.00 (Cumulative area) 

    Layer: Metal3
      Partial area ratio:   64.51
      Required ratio:    0.00 (Gate area) 
      Cumulative area ratio:   70.66
      Required ratio:  200.00 (Cumulative area) 
      Partial area ratio:  292.60
      Required ratio:    0.00 (Side area) 
      Cumulative area ratio:  321.24
      Required ratio:    0.00 (Cumulative side area) 

    Layer: Via3
      Partial area ratio:    0.07
      Required ratio:   20.00 (Gate area) 
      Cumulative area ratio:    0.67
      Required ratio:    0.00 (Cumulative area) 

    Layer: Metal4
      Partial area ratio:    6.08
      Required ratio:    0.00 (Gate area) 
      Cumulative area ratio:   76.74
      Required ratio: 14172.00 (Cumulative area) 
      Partial area ratio:   27.62
      Required ratio:    0.00 (Side area) 
      Cumulative area ratio:  348.86
      Required ratio:    0.00 (Cumulative side area) 


  Pin:   fanout4555/A (sg13g2_buf_1)
    Layer: Via1
      Partial area ratio:    0.20
      Required ratio:   20.00 (Gate area) 
      Cumulative area ratio:    0.20
      Required ratio:    0.00 (Cumulative area) 

    Layer: Metal2
      Partial area ratio:    1.24
      Required ratio:    0.00 (Gate area) 
      Cumulative area ratio:    1.24
      Required ratio:  200.00 (Cumulative area) 
      Partial area ratio:    6.51
      Required ratio:    0.00 (Side area) 
      Cumulative area ratio:    6.51
      Required ratio:    0.00 (Cumulative side area) 

    Layer: Via2
      Partial area ratio:    0.40
      Required ratio:   20.00 (Gate area) 
      Cumulative area ratio:    0.60
      Required ratio:    0.00 (Cumulative area) 

    Layer: Metal3
      Partial area ratio:   64.51
      Required ratio:    0.00 (Gate area) 
      Cumulative area ratio:   65.74
      Required ratio:  200.00 (Cumulative area) 
      Partial area ratio:  292.60
      Required ratio:    0.00 (Side area) 
      Cumulative area ratio:  299.11
      Required ratio:    0.00 (Cumulative side area) 

    Layer: Via3
      Partial area ratio:    0.07
      Required ratio:   20.00 (Gate area) 
      Cumulative area ratio:    0.67
      Required ratio:    0.00 (Cumulative area) 

    Layer: Metal4
      Partial area ratio:    6.08
      Required ratio:    0.00 (Gate area) 
      Cumulative area ratio:   71.82
      Required ratio: 14172.00 (Cumulative area) 
      Partial area ratio:   27.62
      Required ratio:    0.00 (Side area) 
      Cumulative area ratio:  326.73
      Required ratio:    0.00 (Cumulative side area) 



Net: net4740
  Pin:   fanout4727/A (sg13g2_buf_1)
    Layer: Via1
      Partial area ratio:    0.20
      Required ratio:   20.00 (Gate area) 
      Cumulative area ratio:    0.20
      Required ratio:    0.00 (Cumulative area) 

    Layer: Metal2
      Partial area ratio:    5.10
      Required ratio:    0.00 (Gate area) 
      Cumulative area ratio:    5.10
      Required ratio:  200.00 (Cumulative area) 
      Partial area ratio:   23.90
      Required ratio:    0.00 (Side area) 
      Cumulative area ratio:   23.90
      Required ratio:    0.00 (Cumulative side area) 

    Layer: Via2
      Partial area ratio:    0.40
      Required ratio:   20.00 (Gate area) 
      Cumulative area ratio:    0.60
      Required ratio:    0.00 (Cumulative area) 

    Layer: Metal3
      Partial area ratio:    0.66
      Required ratio:    0.00 (Gate area) 
      Cumulative area ratio:    5.76
      Required ratio:  200.00 (Cumulative area) 
      Partial area ratio:    4.93
      Required ratio:    0.00 (Side area) 
      Cumulative area ratio:   28.83
      Required ratio:    0.00 (Cumulative side area) 

    Layer: Via3
      Partial area ratio:    0.20
      Required ratio:   20.00 (Gate area) 
      Cumulative area ratio:    0.80
      Required ratio:    0.00 (Cumulative area) 

    Layer: Metal4
      Partial area ratio:  319.19
      Required ratio:    0.00 (Gate area) 
      Cumulative area ratio:  324.95
      Required ratio:  200.00 (Cumulative area) (VIOLATED)
      Partial area ratio: 1437.34
      Required ratio:    0.00 (Side area) 
      Cumulative area ratio: 1466.16
      Required ratio:    0.00 (Cumulative side area) 

    Layer: Via4
      Partial area ratio:    0.20
      Required ratio:   20.00 (Gate area) 
      Cumulative area ratio:    1.00
      Required ratio:    0.00 (Cumulative area) 

    Layer: Metal5
      Partial area ratio:   49.25
      Required ratio:    0.00 (Gate area) 
      Cumulative area ratio:  374.20
      Required ratio: 14172.00 (Cumulative area) 
      Partial area ratio:  221.95
      Required ratio:    0.00 (Side area) 
      Cumulative area ratio: 1688.12
      Required ratio:    0.00 (Cumulative side area) 


  Pin:   fanout4728/A (sg13g2_buf_1)
    Layer: Via1
      Partial area ratio:    0.20
      Required ratio:   20.00 (Gate area) 
      Cumulative area ratio:    0.20
      Required ratio:    0.00 (Cumulative area) 

    Layer: Metal2
      Partial area ratio:    6.94
      Required ratio:    0.00 (Gate area) 
      Cumulative area ratio:    6.94
      Required ratio:  200.00 (Cumulative area) 
      Partial area ratio:   32.18
      Required ratio:    0.00 (Side area) 
      Cumulative area ratio:   32.18
      Required ratio:    0.00 (Cumulative side area) 

    Layer: Via2
      Partial area ratio:    0.40
      Required ratio:   20.00 (Gate area) 
      Cumulative area ratio:    0.60
      Required ratio:    0.00 (Cumulative area) 

    Layer: Metal3
      Partial area ratio:    0.66
      Required ratio:    0.00 (Gate area) 
      Cumulative area ratio:    7.60
      Required ratio:  200.00 (Cumulative area) 
      Partial area ratio:    4.93
      Required ratio:    0.00 (Side area) 
      Cumulative area ratio:   37.12
      Required ratio:    0.00 (Cumulative side area) 

    Layer: Via3
      Partial area ratio:    0.20
      Required ratio:   20.00 (Gate area) 
      Cumulative area ratio:    0.80
      Required ratio:    0.00 (Cumulative area) 

    Layer: Metal4
      Partial area ratio:  271.80
      Required ratio:    0.00 (Gate area) 
      Cumulative area ratio:  279.40
      Required ratio:  200.00 (Cumulative area) (VIOLATED)
      Partial area ratio: 1225.06
      Required ratio:    0.00 (Side area) 
      Cumulative area ratio: 1262.18
      Required ratio:    0.00 (Cumulative side area) 

    Layer: Via4
      Partial area ratio:    0.20
      Required ratio:   20.00 (Gate area) 
      Cumulative area ratio:    1.00
      Required ratio:    0.00 (Cumulative area) 

    Layer: Metal5
      Partial area ratio:   49.25
      Required ratio:    0.00 (Gate area) 
      Cumulative area ratio:  328.65
      Required ratio: 14172.00 (Cumulative area) 
      Partial area ratio:  221.95
      Required ratio:    0.00 (Side area) 
      Cumulative area ratio: 1484.13
      Required ratio:    0.00 (Cumulative side area) 


  Pin:   fanout4729/A (sg13g2_buf_1)
    Layer: Via1
      Partial area ratio:    0.20
      Required ratio:   20.00 (Gate area) 
      Cumulative area ratio:    0.20
      Required ratio:    0.00 (Cumulative area) 

    Layer: Metal2
      Partial area ratio:    4.43
      Required ratio:    0.00 (Gate area) 
      Cumulative area ratio:    4.43
      Required ratio:  200.00 (Cumulative area) 
      Partial area ratio:   20.91
      Required ratio:    0.00 (Side area) 
      Cumulative area ratio:   20.91
      Required ratio:    0.00 (Cumulative side area) 

    Layer: Via2
      Partial area ratio:    0.40
      Required ratio:   20.00 (Gate area) 
      Cumulative area ratio:    0.60
      Required ratio:    0.00 (Cumulative area) 

    Layer: Metal3
      Partial area ratio:    0.66
      Required ratio:    0.00 (Gate area) 
      Cumulative area ratio:    5.09
      Required ratio:  200.00 (Cumulative area) 
      Partial area ratio:    4.93
      Required ratio:    0.00 (Side area) 
      Cumulative area ratio:   25.84
      Required ratio:    0.00 (Cumulative side area) 

    Layer: Via3
      Partial area ratio:    0.20
      Required ratio:   20.00 (Gate area) 
      Cumulative area ratio:    0.80
      Required ratio:    0.00 (Cumulative area) 

    Layer: Metal4
      Partial area ratio:    0.34
      Required ratio:    0.00 (Gate area) 
      Cumulative area ratio:    5.43
      Required ratio:  200.00 (Cumulative area) 
      Partial area ratio:    2.49
      Required ratio:    0.00 (Side area) 
      Cumulative area ratio:   28.33
      Required ratio:    0.00 (Cumulative side area) 

    Layer: Via4
      Partial area ratio:    0.20
      Required ratio:   20.00 (Gate area) 
      Cumulative area ratio:    1.00
      Required ratio:    0.00 (Cumulative area) 

    Layer: Metal5
      Partial area ratio:   49.25
      Required ratio:    0.00 (Gate area) 
      Cumulative area ratio:   54.68
      Required ratio: 14172.00 (Cumulative area) 
      Partial area ratio:  221.95
      Required ratio:    0.00 (Side area) 
      Cumulative area ratio:  250.28
      Required ratio:    0.00 (Cumulative side area) 


  Pin:   fanout4737/A (sg13g2_buf_1)
    Layer: Via1
      Partial area ratio:    0.20
      Required ratio:   20.00 (Gate area) 
      Cumulative area ratio:    0.20
      Required ratio:    0.00 (Cumulative area) 

    Layer: Metal2
      Partial area ratio:    5.36
      Required ratio:    0.00 (Gate area) 
      Cumulative area ratio:    5.36
      Required ratio:  200.00 (Cumulative area) 
      Partial area ratio:   25.06
      Required ratio:    0.00 (Side area) 
      Cumulative area ratio:   25.06
      Required ratio:    0.00 (Cumulative side area) 

    Layer: Via2
      Partial area ratio:    0.40
      Required ratio:   20.00 (Gate area) 
      Cumulative area ratio:    0.60
      Required ratio:    0.00 (Cumulative area) 

    Layer: Metal3
      Partial area ratio:    0.66
      Required ratio:    0.00 (Gate area) 
      Cumulative area ratio:    6.02
      Required ratio:  200.00 (Cumulative area) 
      Partial area ratio:    4.93
      Required ratio:    0.00 (Side area) 
      Cumulative area ratio:   29.99
      Required ratio:    0.00 (Cumulative side area) 

    Layer: Via3
      Partial area ratio:    0.20
      Required ratio:   20.00 (Gate area) 
      Cumulative area ratio:    0.80
      Required ratio:    0.00 (Cumulative area) 

    Layer: Metal4
      Partial area ratio:    0.34
      Required ratio:    0.00 (Gate area) 
      Cumulative area ratio:    6.35
      Required ratio:  200.00 (Cumulative area) 
      Partial area ratio:    2.49
      Required ratio:    0.00 (Side area) 
      Cumulative area ratio:   32.48
      Required ratio:    0.00 (Cumulative side area) 

    Layer: Via4
      Partial area ratio:    0.20
      Required ratio:   20.00 (Gate area) 
      Cumulative area ratio:    1.00
      Required ratio:    0.00 (Cumulative area) 

    Layer: Metal5
      Partial area ratio:   49.25
      Required ratio:    0.00 (Gate area) 
      Cumulative area ratio:   55.60
      Required ratio: 14172.00 (Cumulative area) 
      Partial area ratio:  221.95
      Required ratio:    0.00 (Side area) 
      Cumulative area ratio:  254.44
      Required ratio:    0.00 (Cumulative side area) 


  Pin:   fanout4738/A (sg13g2_buf_1)
    Layer: Via1
      Partial area ratio:    0.20
      Required ratio:   20.00 (Gate area) 
      Cumulative area ratio:    0.20
      Required ratio:    0.00 (Cumulative area) 

    Layer: Metal2
      Partial area ratio:    3.22
      Required ratio:    0.00 (Gate area) 
      Cumulative area ratio:    3.22
      Required ratio:  200.00 (Cumulative area) 
      Partial area ratio:   15.45
      Required ratio:    0.00 (Side area) 
      Cumulative area ratio:   15.45
      Required ratio:    0.00 (Cumulative side area) 

    Layer: Via2
      Partial area ratio:    0.40
      Required ratio:   20.00 (Gate area) 
      Cumulative area ratio:    0.60
      Required ratio:    0.00 (Cumulative area) 

    Layer: Metal3
      Partial area ratio:    0.66
      Required ratio:    0.00 (Gate area) 
      Cumulative area ratio:    3.88
      Required ratio:  200.00 (Cumulative area) 
      Partial area ratio:    4.93
      Required ratio:    0.00 (Side area) 
      Cumulative area ratio:   20.38
      Required ratio:    0.00 (Cumulative side area) 

    Layer: Via3
      Partial area ratio:    0.20
      Required ratio:   20.00 (Gate area) 
      Cumulative area ratio:    0.80
      Required ratio:    0.00 (Cumulative area) 

    Layer: Metal4
      Partial area ratio:  183.60
      Required ratio:    0.00 (Gate area) 
      Cumulative area ratio:  187.48
      Required ratio: 14172.00 (Cumulative area) 
      Partial area ratio:  826.70
      Required ratio:    0.00 (Side area) 
      Cumulative area ratio:  847.08
      Required ratio:    0.00 (Cumulative side area) 

    Layer: Via4
      Partial area ratio:    0.20
      Required ratio:  354.30 (Gate area) 
      Cumulative area ratio:    1.00
      Required ratio:    0.00 (Cumulative area) 

    Layer: Metal5
      Partial area ratio:   49.25
      Required ratio:    0.00 (Gate area) 
      Cumulative area ratio:  236.73
      Required ratio: 14172.00 (Cumulative area) 
      Partial area ratio:  221.95
      Required ratio:    0.00 (Side area) 
      Cumulative area ratio: 1069.03
      Required ratio:    0.00 (Cumulative side area) 


  Pin:   fanout4739/A (sg13g2_buf_1)
    Layer: Via1
      Partial area ratio:    0.20
      Required ratio:   20.00 (Gate area) 
      Cumulative area ratio:    0.20
      Required ratio:    0.00 (Cumulative area) 

    Layer: Metal2
      Partial area ratio:    6.31
      Required ratio:    0.00 (Gate area) 
      Cumulative area ratio:    6.31
      Required ratio: 14172.00 (Cumulative area) 
      Partial area ratio:   29.33
      Required ratio:    0.00 (Side area) 
      Cumulative area ratio:   29.33
      Required ratio:    0.00 (Cumulative side area) 

    Layer: Via2
      Partial area ratio:    0.60
      Required ratio:  354.30 (Gate area) 
      Cumulative area ratio:    0.80
      Required ratio:    0.00 (Cumulative area) 

    Layer: Metal3
      Partial area ratio:  112.87
      Required ratio:    0.00 (Gate area) 
      Cumulative area ratio:  119.18
      Required ratio: 14172.00 (Cumulative area) 
      Partial area ratio:  511.86
      Required ratio:    0.00 (Side area) 
      Cumulative area ratio:  541.19
      Required ratio:    0.00 (Cumulative side area) 

    Layer: Via3
      Partial area ratio:    0.20
      Required ratio:  354.30 (Gate area) 
      Cumulative area ratio:    1.00
      Required ratio:    0.00 (Cumulative area) 

    Layer: Metal4
      Partial area ratio:  183.60
      Required ratio:    0.00 (Gate area) 
      Cumulative area ratio:  302.78
      Required ratio: 14172.00 (Cumulative area) 
      Partial area ratio:  826.70
      Required ratio:    0.00 (Side area) 
      Cumulative area ratio: 1367.88
      Required ratio:    0.00 (Cumulative side area) 

    Layer: Via4
      Partial area ratio:    0.20
      Required ratio:  354.30 (Gate area) 
      Cumulative area ratio:    1.20
      Required ratio:    0.00 (Cumulative area) 

    Layer: Metal5
      Partial area ratio:   49.25
      Required ratio:    0.00 (Gate area) 
      Cumulative area ratio:  352.03
      Required ratio: 14172.00 (Cumulative area) 
      Partial area ratio:  221.95
      Required ratio:    0.00 (Side area) 
      Cumulative area ratio: 1589.84
      Required ratio:    0.00 (Cumulative side area) 



Net: net4806
  Pin:   fanout4788/A (sg13g2_buf_1)
    Layer: Via1
      Partial area ratio:    0.20
      Required ratio:   20.00 (Gate area) 
      Cumulative area ratio:    0.20
      Required ratio:    0.00 (Cumulative area) 

    Layer: Metal2
      Partial area ratio:    4.50
      Required ratio:    0.00 (Gate area) 
      Cumulative area ratio:    4.50
      Required ratio:  200.00 (Cumulative area) 
      Partial area ratio:   20.98
      Required ratio:    0.00 (Side area) 
      Cumulative area ratio:   20.98
      Required ratio:    0.00 (Cumulative side area) 

    Layer: Via2
      Partial area ratio:    0.32
      Required ratio:   20.00 (Gate area) 
      Cumulative area ratio:    0.52
      Required ratio:    0.00 (Cumulative area) 

    Layer: Metal3
      Partial area ratio:   16.46
      Required ratio:    0.00 (Gate area) 
      Cumulative area ratio:   20.96
      Required ratio:  200.00 (Cumulative area) 
      Partial area ratio:   74.78
      Required ratio:    0.00 (Side area) 
      Cumulative area ratio:   95.76
      Required ratio:    0.00 (Cumulative side area) 

    Layer: Via3
      Partial area ratio:    0.20
      Required ratio:   20.00 (Gate area) 
      Cumulative area ratio:    0.72
      Required ratio:    0.00 (Cumulative area) 

    Layer: Metal4
      Partial area ratio:  287.32
      Required ratio:    0.00 (Gate area) 
      Cumulative area ratio:  308.28
      Required ratio:  200.00 (Cumulative area) (VIOLATED)
      Partial area ratio: 1293.89
      Required ratio:    0.00 (Side area) 
      Cumulative area ratio: 1389.66
      Required ratio:    0.00 (Cumulative side area) 

    Layer: Via4
      Partial area ratio:    0.20
      Required ratio:   20.00 (Gate area) 
      Cumulative area ratio:    0.92
      Required ratio:    0.00 (Cumulative area) 

    Layer: Metal5
      Partial area ratio:   91.80
      Required ratio:    0.00 (Gate area) 
      Cumulative area ratio:  400.08
      Required ratio: 14172.00 (Cumulative area) 
      Partial area ratio:  413.62
      Required ratio:    0.00 (Side area) 
      Cumulative area ratio: 1803.27
      Required ratio:    0.00 (Cumulative side area) 


  Pin:   fanout4795/A (sg13g2_buf_1)
    Layer: Via1
      Partial area ratio:    0.20
      Required ratio:   20.00 (Gate area) 
      Cumulative area ratio:    0.20
      Required ratio:    0.00 (Cumulative area) 

    Layer: Metal2
      Partial area ratio:    6.43
      Required ratio:    0.00 (Gate area) 
      Cumulative area ratio:    6.43
      Required ratio:  200.00 (Cumulative area) 
      Partial area ratio:   29.87
      Required ratio:    0.00 (Side area) 
      Cumulative area ratio:   29.87
      Required ratio:    0.00 (Cumulative side area) 

    Layer: Via2
      Partial area ratio:    0.40
      Required ratio:   20.00 (Gate area) 
      Cumulative area ratio:    0.60
      Required ratio:    0.00 (Cumulative area) 

    Layer: Metal3
      Partial area ratio:    0.66
      Required ratio:    0.00 (Gate area) 
      Cumulative area ratio:    7.09
      Required ratio:  200.00 (Cumulative area) 
      Partial area ratio:    4.93
      Required ratio:    0.00 (Side area) 
      Cumulative area ratio:   34.80
      Required ratio:    0.00 (Cumulative side area) 

    Layer: Via3
      Partial area ratio:    0.20
      Required ratio:   20.00 (Gate area) 
      Cumulative area ratio:    0.80
      Required ratio:    0.00 (Cumulative area) 

    Layer: Metal4
      Partial area ratio:   32.31
      Required ratio:    0.00 (Gate area) 
      Cumulative area ratio:   39.39
      Required ratio:  200.00 (Cumulative area) 
      Partial area ratio:  146.36
      Required ratio:    0.00 (Side area) 
      Cumulative area ratio:  181.16
      Required ratio:    0.00 (Cumulative side area) 

    Layer: Via4
      Partial area ratio:    0.20
      Required ratio:   20.00 (Gate area) 
      Cumulative area ratio:    1.00
      Required ratio:    0.00 (Cumulative area) 

    Layer: Metal5
      Partial area ratio:   91.80
      Required ratio:    0.00 (Gate area) 
      Cumulative area ratio:  131.20
      Required ratio: 14172.00 (Cumulative area) 
      Partial area ratio:  413.62
      Required ratio:    0.00 (Side area) 
      Cumulative area ratio:  594.78
      Required ratio:    0.00 (Cumulative side area) 


  Pin:   fanout4800/A (sg13g2_buf_1)
    Layer: Via1
      Partial area ratio:    0.20
      Required ratio:   20.00 (Gate area) 
      Cumulative area ratio:    0.20
      Required ratio:    0.00 (Cumulative area) 

    Layer: Metal2
      Partial area ratio:  306.71
      Required ratio:    0.00 (Gate area) 
      Cumulative area ratio:  306.71
      Required ratio:  200.00 (Cumulative area) (VIOLATED)
      Partial area ratio: 1381.16
      Required ratio:    0.00 (Side area) 
      Cumulative area ratio: 1381.16
      Required ratio:    0.00 (Cumulative side area) 

    Layer: Via2
      Partial area ratio:    0.40
      Required ratio:   20.00 (Gate area) 
      Cumulative area ratio:    0.60
      Required ratio:    0.00 (Cumulative area) 

    Layer: Metal3
      Partial area ratio:   80.35
      Required ratio:    0.00 (Gate area) 
      Cumulative area ratio:  387.06
      Required ratio:  200.00 (Cumulative area) (VIOLATED)
      Partial area ratio:  363.54
      Required ratio:    0.00 (Side area) 
      Cumulative area ratio: 1744.70
      Required ratio:    0.00 (Cumulative side area) 

    Layer: Via3
      Partial area ratio:    0.20
      Required ratio:   20.00 (Gate area) 
      Cumulative area ratio:    0.80
      Required ratio:    0.00 (Cumulative area) 

    Layer: Metal4
      Partial area ratio:   48.25
      Required ratio:    0.00 (Gate area) 
      Cumulative area ratio:  435.31
      Required ratio:  200.00 (Cumulative area) (VIOLATED)
      Partial area ratio:  218.08
      Required ratio:    0.00 (Side area) 
      Cumulative area ratio: 1962.78
      Required ratio:    0.00 (Cumulative side area) 

    Layer: Via4
      Partial area ratio:    0.20
      Required ratio:   20.00 (Gate area) 
      Cumulative area ratio:    1.00
      Required ratio:    0.00 (Cumulative area) 

    Layer: Metal5
      Partial area ratio:   91.80
      Required ratio:    0.00 (Gate area) 
      Cumulative area ratio:  527.11
      Required ratio: 14172.00 (Cumulative area) 
      Partial area ratio:  413.62
      Required ratio:    0.00 (Side area) 
      Cumulative area ratio: 2376.39
      Required ratio:    0.00 (Cumulative side area) 


  Pin:   fanout4805/A (sg13g2_buf_1)
    Layer: Via1
      Partial area ratio:    0.20
      Required ratio:   20.00 (Gate area) 
      Cumulative area ratio:    0.20
      Required ratio:    0.00 (Cumulative area) 

    Layer: Metal2
      Partial area ratio:    5.36
      Required ratio:    0.00 (Gate area) 
      Cumulative area ratio:    5.36
      Required ratio:  200.00 (Cumulative area) 
      Partial area ratio:   25.09
      Required ratio:    0.00 (Side area) 
      Cumulative area ratio:   25.09
      Required ratio:    0.00 (Cumulative side area) 

    Layer: Via2
      Partial area ratio:    0.40
      Required ratio:   20.00 (Gate area) 
      Cumulative area ratio:    0.60
      Required ratio:    0.00 (Cumulative area) 

    Layer: Metal3
      Partial area ratio:    8.96
      Required ratio:    0.00 (Gate area) 
      Cumulative area ratio:   14.33
      Required ratio: 14172.00 (Cumulative area) 
      Partial area ratio:   43.28
      Required ratio:    0.00 (Side area) 
      Cumulative area ratio:   68.37
      Required ratio:    0.00 (Cumulative side area) 

    Layer: Via3
      Partial area ratio:    0.40
      Required ratio:  354.30 (Gate area) 
      Cumulative area ratio:    1.00
      Required ratio:    0.00 (Cumulative area) 

    Layer: Metal4
      Partial area ratio:    0.67
      Required ratio:    0.00 (Gate area) 
      Cumulative area ratio:   15.00
      Required ratio: 14172.00 (Cumulative area) 
      Partial area ratio:    4.98
      Required ratio:    0.00 (Side area) 
      Cumulative area ratio:   73.35
      Required ratio:    0.00 (Cumulative side area) 

    Layer: Via4
      Partial area ratio:    0.40
      Required ratio:  354.30 (Gate area) 
      Cumulative area ratio:    1.40
      Required ratio:    0.00 (Cumulative area) 

    Layer: Metal5
      Partial area ratio:   91.80
      Required ratio:    0.00 (Gate area) 
      Cumulative area ratio:  106.81
      Required ratio: 14172.00 (Cumulative area) 
      Partial area ratio:  413.62
      Required ratio:    0.00 (Side area) 
      Cumulative area ratio:  486.97
      Required ratio:    0.00 (Cumulative side area) 



Net: net4893
  Pin:   fanout4887/A (sg13g2_buf_1)
    Layer: Via1
      Partial area ratio:    0.20
      Required ratio:   20.00 (Gate area) 
      Cumulative area ratio:    0.20
      Required ratio:    0.00 (Cumulative area) 

    Layer: Metal2
      Partial area ratio:    5.62
      Required ratio:    0.00 (Gate area) 
      Cumulative area ratio:    5.62
      Required ratio:  200.00 (Cumulative area) 
      Partial area ratio:   26.24
      Required ratio:    0.00 (Side area) 
      Cumulative area ratio:   26.24
      Required ratio:    0.00 (Cumulative side area) 

    Layer: Via2
      Partial area ratio:    0.40
      Required ratio:   20.00 (Gate area) 
      Cumulative area ratio:    0.60
      Required ratio:    0.00 (Cumulative area) 

    Layer: Metal3
      Partial area ratio:   20.42
      Required ratio:    0.00 (Gate area) 
      Cumulative area ratio:   26.04
      Required ratio:  200.00 (Cumulative area) 
      Partial area ratio:   93.36
      Required ratio:    0.00 (Side area) 
      Cumulative area ratio:  119.60
      Required ratio:    0.00 (Cumulative side area) 

    Layer: Via3
      Partial area ratio:    0.20
      Required ratio:   20.00 (Gate area) 
      Cumulative area ratio:    0.80
      Required ratio:    0.00 (Cumulative area) 

    Layer: Metal4
      Partial area ratio:   56.02
      Required ratio:    0.00 (Gate area) 
      Cumulative area ratio:   82.06
      Required ratio:  200.00 (Cumulative area) 
      Partial area ratio:  252.59
      Required ratio:    0.00 (Side area) 
      Cumulative area ratio:  372.19
      Required ratio:    0.00 (Cumulative side area) 

    Layer: Via4
      Partial area ratio:    0.10
      Required ratio:   20.00 (Gate area) 
      Cumulative area ratio:    0.90
      Required ratio:    0.00 (Cumulative area) 

    Layer: Metal5
      Partial area ratio:   30.65
      Required ratio:    0.00 (Gate area) 
      Cumulative area ratio:  112.72
      Required ratio: 14172.00 (Cumulative area) 
      Partial area ratio:  138.28
      Required ratio:    0.00 (Side area) 
      Cumulative area ratio:  510.47
      Required ratio:    0.00 (Cumulative side area) 


  Pin:   fanout4888/A (sg13g2_buf_1)
    Layer: Via1
      Partial area ratio:    0.20
      Required ratio:   20.00 (Gate area) 
      Cumulative area ratio:    0.20
      Required ratio:    0.00 (Cumulative area) 

    Layer: Metal2
      Partial area ratio:   24.61
      Required ratio:    0.00 (Gate area) 
      Cumulative area ratio:   24.61
      Required ratio:  200.00 (Cumulative area) 
      Partial area ratio:  111.71
      Required ratio:    0.00 (Side area) 
      Cumulative area ratio:  111.71
      Required ratio:    0.00 (Cumulative side area) 

    Layer: Via2
      Partial area ratio:    0.40
      Required ratio:   20.00 (Gate area) 
      Cumulative area ratio:    0.60
      Required ratio:    0.00 (Cumulative area) 

    Layer: Metal3
      Partial area ratio:   20.42
      Required ratio:    0.00 (Gate area) 
      Cumulative area ratio:   45.03
      Required ratio:  200.00 (Cumulative area) 
      Partial area ratio:   93.36
      Required ratio:    0.00 (Side area) 
      Cumulative area ratio:  205.07
      Required ratio:    0.00 (Cumulative side area) 

    Layer: Via3
      Partial area ratio:    0.20
      Required ratio:   20.00 (Gate area) 
      Cumulative area ratio:    0.80
      Required ratio:    0.00 (Cumulative area) 

    Layer: Metal4
      Partial area ratio:   56.02
      Required ratio:    0.00 (Gate area) 
      Cumulative area ratio:  101.06
      Required ratio:  200.00 (Cumulative area) 
      Partial area ratio:  252.59
      Required ratio:    0.00 (Side area) 
      Cumulative area ratio:  457.66
      Required ratio:    0.00 (Cumulative side area) 

    Layer: Via4
      Partial area ratio:    0.10
      Required ratio:   20.00 (Gate area) 
      Cumulative area ratio:    0.90
      Required ratio:    0.00 (Cumulative area) 

    Layer: Metal5
      Partial area ratio:   30.65
      Required ratio:    0.00 (Gate area) 
      Cumulative area ratio:  131.71
      Required ratio: 14172.00 (Cumulative area) 
      Partial area ratio:  138.28
      Required ratio:    0.00 (Side area) 
      Cumulative area ratio:  595.94
      Required ratio:    0.00 (Cumulative side area) 


  Pin:   fanout4889/A (sg13g2_buf_1)
    Layer: Via1
      Partial area ratio:    0.20
      Required ratio:   20.00 (Gate area) 
      Cumulative area ratio:    0.20
      Required ratio:    0.00 (Cumulative area) 

    Layer: Metal2
      Partial area ratio:    5.62
      Required ratio:    0.00 (Gate area) 
      Cumulative area ratio:    5.62
      Required ratio:  200.00 (Cumulative area) 
      Partial area ratio:   26.24
      Required ratio:    0.00 (Side area) 
      Cumulative area ratio:   26.24
      Required ratio:    0.00 (Cumulative side area) 

    Layer: Via2
      Partial area ratio:    0.40
      Required ratio:   20.00 (Gate area) 
      Cumulative area ratio:    0.60
      Required ratio:    0.00 (Cumulative area) 

    Layer: Metal3
      Partial area ratio:    0.66
      Required ratio:    0.00 (Gate area) 
      Cumulative area ratio:    6.28
      Required ratio:  200.00 (Cumulative area) 
      Partial area ratio:    4.93
      Required ratio:    0.00 (Side area) 
      Cumulative area ratio:   31.17
      Required ratio:    0.00 (Cumulative side area) 

    Layer: Via3
      Partial area ratio:    0.20
      Required ratio:   20.00 (Gate area) 
      Cumulative area ratio:    0.80
      Required ratio:    0.00 (Cumulative area) 

    Layer: Metal4
      Partial area ratio:    0.34
      Required ratio:    0.00 (Gate area) 
      Cumulative area ratio:    6.61
      Required ratio:  200.00 (Cumulative area) 
      Partial area ratio:    2.49
      Required ratio:    0.00 (Side area) 
      Cumulative area ratio:   33.66
      Required ratio:    0.00 (Cumulative side area) 

    Layer: Via4
      Partial area ratio:    0.20
      Required ratio:   20.00 (Gate area) 
      Cumulative area ratio:    1.00
      Required ratio:    0.00 (Cumulative area) 

    Layer: Metal5
      Partial area ratio:   30.65
      Required ratio:    0.00 (Gate area) 
      Cumulative area ratio:   37.27
      Required ratio: 14172.00 (Cumulative area) 
      Partial area ratio:  138.28
      Required ratio:    0.00 (Side area) 
      Cumulative area ratio:  171.94
      Required ratio:    0.00 (Cumulative side area) 


  Pin:   fanout4890/A (sg13g2_buf_1)
    Layer: Via1
      Partial area ratio:    0.20
      Required ratio:   20.00 (Gate area) 
      Cumulative area ratio:    0.20
      Required ratio:    0.00 (Cumulative area) 

    Layer: Metal2
      Partial area ratio:   10.80
      Required ratio:    0.00 (Gate area) 
      Cumulative area ratio:   10.80
      Required ratio:  200.00 (Cumulative area) 
      Partial area ratio:   49.55
      Required ratio:    0.00 (Side area) 
      Cumulative area ratio:   49.55
      Required ratio:    0.00 (Cumulative side area) 

    Layer: Via2
      Partial area ratio:    0.40
      Required ratio:   20.00 (Gate area) 
      Cumulative area ratio:    0.60
      Required ratio:    0.00 (Cumulative area) 

    Layer: Metal3
      Partial area ratio:    8.95
      Required ratio:    0.00 (Gate area) 
      Cumulative area ratio:   19.75
      Required ratio: 14172.00 (Cumulative area) 
      Partial area ratio:   43.23
      Required ratio:    0.00 (Side area) 
      Cumulative area ratio:   92.78
      Required ratio:    0.00 (Cumulative side area) 

    Layer: Via3
      Partial area ratio:    0.20
      Required ratio:  354.30 (Gate area) 
      Cumulative area ratio:    0.80
      Required ratio:    0.00 (Cumulative area) 

    Layer: Metal4
      Partial area ratio:    0.34
      Required ratio:    0.00 (Gate area) 
      Cumulative area ratio:   20.08
      Required ratio: 14172.00 (Cumulative area) 
      Partial area ratio:    2.49
      Required ratio:    0.00 (Side area) 
      Cumulative area ratio:   95.27
      Required ratio:    0.00 (Cumulative side area) 

    Layer: Via4
      Partial area ratio:    0.20
      Required ratio:  354.30 (Gate area) 
      Cumulative area ratio:    1.00
      Required ratio:    0.00 (Cumulative area) 

    Layer: Metal5
      Partial area ratio:   30.65
      Required ratio:    0.00 (Gate area) 
      Cumulative area ratio:   50.74
      Required ratio: 14172.00 (Cumulative area) 
      Partial area ratio:  138.28
      Required ratio:    0.00 (Side area) 
      Cumulative area ratio:  233.55
      Required ratio:    0.00 (Cumulative side area) 


  Pin:   fanout4891/A (sg13g2_buf_1)
    Layer: Via1
      Partial area ratio:    0.20
      Required ratio:   20.00 (Gate area) 
      Cumulative area ratio:    0.20
      Required ratio:    0.00 (Cumulative area) 

    Layer: Metal2
      Partial area ratio:    2.97
      Required ratio:    0.00 (Gate area) 
      Cumulative area ratio:    2.97
      Required ratio:  200.00 (Cumulative area) 
      Partial area ratio:   14.33
      Required ratio:    0.00 (Side area) 
      Cumulative area ratio:   14.33
      Required ratio:    0.00 (Cumulative side area) 

    Layer: Via2
      Partial area ratio:    0.40
      Required ratio:   20.00 (Gate area) 
      Cumulative area ratio:    0.60
      Required ratio:    0.00 (Cumulative area) 

    Layer: Metal3
      Partial area ratio:    0.66
      Required ratio:    0.00 (Gate area) 
      Cumulative area ratio:    3.63
      Required ratio:  200.00 (Cumulative area) 
      Partial area ratio:    4.93
      Required ratio:    0.00 (Side area) 
      Cumulative area ratio:   19.27
      Required ratio:    0.00 (Cumulative side area) 

    Layer: Via3
      Partial area ratio:    0.20
      Required ratio:   20.00 (Gate area) 
      Cumulative area ratio:    0.80
      Required ratio:    0.00 (Cumulative area) 

    Layer: Metal4
      Partial area ratio:   56.02
      Required ratio:    0.00 (Gate area) 
      Cumulative area ratio:   59.66
      Required ratio:  200.00 (Cumulative area) 
      Partial area ratio:  252.59
      Required ratio:    0.00 (Side area) 
      Cumulative area ratio:  271.86
      Required ratio:    0.00 (Cumulative side area) 

    Layer: Via4
      Partial area ratio:    0.10
      Required ratio:   20.00 (Gate area) 
      Cumulative area ratio:    0.90
      Required ratio:    0.00 (Cumulative area) 

    Layer: Metal5
      Partial area ratio:   30.65
      Required ratio:    0.00 (Gate area) 
      Cumulative area ratio:   90.31
      Required ratio: 14172.00 (Cumulative area) 
      Partial area ratio:  138.28
      Required ratio:    0.00 (Side area) 
      Cumulative area ratio:  410.14
      Required ratio:    0.00 (Cumulative side area) 


  Pin:   fanout4892/A (sg13g2_buf_1)
    Layer: Via1
      Partial area ratio:    0.20
      Required ratio:   20.00 (Gate area) 
      Cumulative area ratio:    0.20
      Required ratio:    0.00 (Cumulative area) 

    Layer: Metal2
      Partial area ratio:    4.29
      Required ratio:    0.00 (Gate area) 
      Cumulative area ratio:    4.29
      Required ratio:  200.00 (Cumulative area) 
      Partial area ratio:   20.26
      Required ratio:    0.00 (Side area) 
      Cumulative area ratio:   20.26
      Required ratio:    0.00 (Cumulative side area) 

    Layer: Via2
      Partial area ratio:    0.40
      Required ratio:   20.00 (Gate area) 
      Cumulative area ratio:    0.60
      Required ratio:    0.00 (Cumulative area) 

    Layer: Metal3
      Partial area ratio:  207.85
      Required ratio:    0.00 (Gate area) 
      Cumulative area ratio:  212.14
      Required ratio:  200.00 (Cumulative area) (VIOLATED)
      Partial area ratio:  937.30
      Required ratio:    0.00 (Side area) 
      Cumulative area ratio:  957.57
      Required ratio:    0.00 (Cumulative side area) 

    Layer: Via3
      Partial area ratio:    0.20
      Required ratio:   20.00 (Gate area) 
      Cumulative area ratio:    0.80
      Required ratio:    0.00 (Cumulative area) 

    Layer: Metal4
      Partial area ratio:   56.02
      Required ratio:    0.00 (Gate area) 
      Cumulative area ratio:  268.17
      Required ratio:  200.00 (Cumulative area) (VIOLATED)
      Partial area ratio:  252.59
      Required ratio:    0.00 (Side area) 
      Cumulative area ratio: 1210.16
      Required ratio:    0.00 (Cumulative side area) 

    Layer: Via4
      Partial area ratio:    0.10
      Required ratio:   20.00 (Gate area) 
      Cumulative area ratio:    0.90
      Required ratio:    0.00 (Cumulative area) 

    Layer: Metal5
      Partial area ratio:   30.65
      Required ratio:    0.00 (Gate area) 
      Cumulative area ratio:  298.82
      Required ratio: 14172.00 (Cumulative area) 
      Partial area ratio:  138.28
      Required ratio:    0.00 (Side area) 
      Cumulative area ratio: 1348.44
      Required ratio:    0.00 (Cumulative side area) 



Net: net6935
  Pin:   _64194_/D (sg13g2_dfrbpq_1)
    Layer: Via1
      Partial area ratio:    0.33
      Required ratio:   20.00 (Gate area) 
      Cumulative area ratio:    0.33
      Required ratio:    0.00 (Cumulative area) 

    Layer: Metal2
      Partial area ratio:  222.79
      Required ratio:    0.00 (Gate area) 
      Cumulative area ratio:  222.79
      Required ratio:  200.00 (Cumulative area) (VIOLATED)
      Partial area ratio: 1004.15
      Required ratio:    0.00 (Side area) 
      Cumulative area ratio: 1004.15
      Required ratio:    0.00 (Cumulative side area) 

    Layer: Via2
      Partial area ratio:    0.66
      Required ratio:   20.00 (Gate area) 
      Cumulative area ratio:    0.99
      Required ratio:    0.00 (Cumulative area) 

    Layer: Metal3
      Partial area ratio:   14.78
      Required ratio:    0.00 (Gate area) 
      Cumulative area ratio:  237.58
      Required ratio: 13544.00 (Cumulative area) 
      Partial area ratio:   71.46
      Required ratio:    0.00 (Side area) 
      Cumulative area ratio: 1075.61
      Required ratio:    0.00 (Cumulative side area) 



[INFO ANT-0002] Found 45 net violations.
[INFO ANT-0001] Found 54 pin violations.
